NAME,name,url,Lat,Lon
ADELAIDE AIRPORT,Adelaide Airport,http://www.bom.gov.au/fwo/IDS60801/IDS60801.94672.json,-34.9524,138.5196
AIREYS INLET,Aireys Inlet,http://www.bom.gov.au/fwo/IDV60801/IDV60801.94846.json,-38.4583,144.0883
ALBANY,Albany,http://www.bom.gov.au/fwo/IDW60801/IDW60801.94801.json,-35.0289,117.8808
ALBANY AIRPORT,Albany Airport,http://www.bom.gov.au/fwo/IDW60801/IDW60801.94802.json,-34.9411,117.8158
ALICE SPRINGS AIRPORT,Alice Springs Airport,http://www.bom.gov.au/fwo/IDD60801/IDD60801.94326.json,-23.7951,133.889
ALVA BEACH,Alva Beach,http://www.bom.gov.au/fwo/IDQ60801/IDQ60801.95296.json,-19.4569,147.4833
ANDAMOOKA,Andamooka,http://www.bom.gov.au/fwo/IDS60801/IDS60801.95660.json,-30.449,137.1692
APPLETHORPE,Applethorpe,http://www.bom.gov.au/fwo/IDN60801/IDN60801.94553.json,-28.6217,151.9533
ARKAROOLA,Arkaroola,http://www.bom.gov.au/fwo/IDS60801/IDS60801.94676.json,-30.311,139.3357
ARLTUNGA,Arltunga,http://www.bom.gov.au/fwo/IDD60801/IDD60801.95323.json,-23.4564,134.6849
BALLADONIA,Balladonia,http://www.bom.gov.au/fwo/IDW60801/IDW60801.94642.json,-32.4569,123.8653
BENCUBBIN,Bencubbin,http://www.bom.gov.au/fwo/IDW60801/IDW60801.94632.json,-30.8081,117.8603
BEVERLEY,Beverley,http://www.bom.gov.au/fwo/IDW60801/IDW60801.95615.json,-32.1083,116.9247
BICKLEY,Bickley,http://www.bom.gov.au/fwo/IDW60801/IDW60801.95610.json,-32.0072,116.1369
BIDYADANGA,Bidyadanga,http://www.bom.gov.au/fwo/IDW60801/IDW60801.94202.json,-18.6844,121.7803
BLACK POINT,Black Point,http://www.bom.gov.au/fwo/IDD60801/IDD60801.94134.json,-11.1538,132.143
BLACKWATER AIRPORT,Blackwater Airport,http://www.bom.gov.au/fwo/IDQ60801/IDQ60801.94398.json,-23.6015,148.8074
BOMBALA AWS,Bombala AWS,http://www.bom.gov.au/fwo/IDN60801/IDN60801.94929.json,-37.0016,149.2336
BOUGAINVILLE REEF,Bougainville Reef,http://www.bom.gov.au/fwo/IDQ60801/IDQ60801.95288.json,-15.4877,147.1183
BOWEN AIRPORT AWS,Bowen Airport AWS,http://www.bom.gov.au/fwo/IDQ60801/IDQ60801.94383.json,-20.0154,148.2138
BRADSHAW,Bradshaw,http://www.bom.gov.au/fwo/IDD60801/IDD60801.94130.json,-14.9408,130.8091
BRIDGETOWN,Bridgetown,http://www.bom.gov.au/fwo/IDW60801/IDW60801.95632.json,-33.9486,116.1311
BRISBANE,Brisbane,http://www.bom.gov.au/fwo/IDQ60801/IDQ60801.94576.json,-27.4808,153.0389
BROOKTON,Brookton,http://www.bom.gov.au/fwo/IDW60801/IDW60801.94625.json,-32.3728,117.0086
BROWSE ISLAND,Browse Island,http://www.bom.gov.au/fwo/IDW60801/IDW60801.94103.json,-14.1089,123.5472
BRUNETTE DOWNS,Brunette Downs,http://www.bom.gov.au/fwo/IDD60801/IDD60801.94242.json,-18.637,135.945
BULGA DOWNS,Bulga Downs,http://www.bom.gov.au/fwo/IDW60801/IDW60801.94444.json,-28.4967,119.7436
BULMAN,Bulman,http://www.bom.gov.au/fwo/IDD60801/IDD60801.94143.json,-13.6715,134.3415
BUNBURY,Bunbury,http://www.bom.gov.au/fwo/IDW60801/IDW60801.94604.json,-33.3567,115.6447
BURKETOWN AIRPORT,Burketown Airport,http://www.bom.gov.au/fwo/IDQ60801/IDQ60801.94260.json,-17.7483,139.5356
BURRINJUCK DAM,Burrinjuck Dam,http://www.bom.gov.au/fwo/IDN60801/IDN60801.94909.json,-34.9997,148.5984
BUTLERS GORGE,Butlers Gorge,http://www.bom.gov.au/fwo/IDT60801/IDT60801.94959.json,-42.2753,146.2758
CAIRNS RACECOURSE,Cairns Racecourse,http://www.bom.gov.au/fwo/IDQ60801/IDQ60801.94288.json,-16.9463,145.7474
CAPE BORDA,Cape Borda,http://www.bom.gov.au/fwo/IDS60801/IDS60801.95805.json,-35.7549,136.5959
CAPE FLATTERY,Cape Flattery,http://www.bom.gov.au/fwo/IDQ60801/IDQ60801.94188.json,-14.9672,145.3106
CAPE GRIM,Cape Grim,http://www.bom.gov.au/fwo/IDT60801/IDT60801.95954.json,-40.6764,144.6922
CAPE LEEUWIN,Cape Leeuwin,http://www.bom.gov.au/fwo/IDW60801/IDW60801.94601.json,-34.3728,115.1358
CAPE NATURALISTE,Cape Naturaliste,http://www.bom.gov.au/fwo/IDW60801/IDW60801.94600.json,-33.5372,115.0189
CAPE SORELL,Cape Sorell,http://www.bom.gov.au/fwo/IDT60801/IDT60801.94974.json,-42.1986,145.17
CAPE WESSEL,Cape Wessel,http://www.bom.gov.au/fwo/IDD60801/IDD60801.94147.json,-11.0047,136.7586
CAPE WILLOUGHBY,Cape Willoughby,http://www.bom.gov.au/fwo/IDS60801/IDS60801.94822.json,-35.8426,138.1327
CARNAMAH,Carnamah,http://www.bom.gov.au/fwo/IDW60801/IDW60801.94415.json,-29.6886,115.8872
CARNEGIE,Carnegie,http://www.bom.gov.au/fwo/IDW60801/IDW60801.94451.json,-25.7964,122.9753
CARTERS BORE,Carters Bore,http://www.bom.gov.au/fwo/IDQ60801/IDQ60801.94347.json,-20.9358,139.2964
CASTERTON,Casterton,http://www.bom.gov.au/fwo/IDV60801/IDV60801.95825.json,-37.583,141.3339
CATO ISLAND,Cato Island,http://www.bom.gov.au/fwo/IDQ60801/IDQ60801.94394.json,-23.2503,155.542
CENTRAL ARNHEM PLATEAU,Central Arnhem Plateau,http://www.bom.gov.au/fwo/IDD60801/IDD60801.94141.json,-13.3275,133.0861
CENTRE ISLAND,Centre Island,http://www.bom.gov.au/fwo/IDD60801/IDD60801.94248.json,-15.7426,136.8192
CENTURY MINE,Century Mine,http://www.bom.gov.au/fwo/IDQ60801/IDQ60801.94261.json,-18.7569,138.7056
CERBERUS,Cerberus,http://www.bom.gov.au/fwo/IDV60801/IDV60801.94898.json,-38.3646,145.1785
CHANNEL POINT,Channel Point,http://www.bom.gov.au/fwo/IDD60801/IDD60801.94121.json,-13.1672,130.1226
CHARLES POINT,Charles Point,http://www.bom.gov.au/fwo/IDD60801/IDD60801.99510.json,-12.3895,130.6306
CHARLTON,Charlton,http://www.bom.gov.au/fwo/IDV60801/IDV60801.94839.json,-36.2847,143.3341
CLERMONT AIRPORT,Clermont Airport,http://www.bom.gov.au/fwo/IDQ60801/IDQ60801.94395.json,-22.7756,147.6217
CLEVE,Cleve,http://www.bom.gov.au/fwo/IDS60801/IDS60801.94661.json,-33.7011,136.4937
COCONUT ISLAND,Coconut Island,http://www.bom.gov.au/fwo/IDQ60801/IDQ60801.94182.json,-10.0511,143.0686
COEN AIRPORT,Coen Airport,http://www.bom.gov.au/fwo/IDQ60801/IDQ60801.94183.json,-13.7606,143.1183
COFFS HARBOUR AIRPORT,Coffs Harbour Airport,http://www.bom.gov.au/fwo/IDN60801/IDN60801.95729.json,-30.3189,153.1162
COLDSTREAM,Coldstream,http://www.bom.gov.au/fwo/IDV60801/IDV60801.94864.json,-37.7239,145.4092
COLLIE EAST,Collie East,http://www.bom.gov.au/fwo/IDW60801/IDW60801.95621.json,-33.3608,116.1717
COOBER PEDY AIRPORT,Coober Pedy Airport,http://www.bom.gov.au/fwo/IDS60801/IDS60801.95458.json,-29.0347,134.7222
COOLANGATTA,Coolangatta,http://www.bom.gov.au/fwo/IDN60801/IDN60801.94592.json,-28.1681,153.5053
COONAWARRA,Coonawarra,http://www.bom.gov.au/fwo/IDS60801/IDS60801.94817.json,-37.2906,140.8254
CORRIGIN,Corrigin,http://www.bom.gov.au/fwo/IDW60801/IDW60801.94633.json,-32.3292,117.8733
CORRYONG AIRPORT,Corryong Airport,http://www.bom.gov.au/fwo/IDV60801/IDV60801.94899.json,-36.1826,147.8942
CREAL REEF,Creal Reef,http://www.bom.gov.au/fwo/IDQ60801/IDQ60801.94371.json,-20.5303,150.3773
CROKER ISLAND AIRPORT,Croker Island Airport,http://www.bom.gov.au/fwo/IDD60801/IDD60801.94108.json,-11.1629,132.4813
CURTIN SPRINGS,Curtin Springs,http://www.bom.gov.au/fwo/IDD60801/IDD60801.94463.json,-25.3139,131.7571
CYGNET BAY,Cygnet Bay,http://www.bom.gov.au/fwo/IDW60801/IDW60801.94201.json,-16.4514,123.0086
DALWALLINU,Dalwallinu,http://www.bom.gov.au/fwo/IDW60801/IDW60801.95629.json,-30.2761,116.6714
DARTMOOR,Dartmoor,http://www.bom.gov.au/fwo/IDV60801/IDV60801.95822.json,-37.9222,141.2614
DARWIN AIRPORT,Darwin Airport,http://www.bom.gov.au/fwo/IDD60801/IDD60801.94120.json,-12.4239,130.8925
DENHAM,Denham,http://www.bom.gov.au/fwo/IDW60801/IDW60801.94402.json,-25.9261,113.5319
DENNES POINT,Dennes Point,http://www.bom.gov.au/fwo/IDT60801/IDT60801.94988.json,-43.0639,147.3567
DEVONPORT AIRPORT,Devonport Airport,http://www.bom.gov.au/fwo/IDT60801/IDT60801.95960.json,-41.1701,146.4289
DONNYBROOK,Donnybrook,http://www.bom.gov.au/fwo/IDW60801/IDW60801.95622.json,-33.5719,115.8247
DOONGAN,Doongan,http://www.bom.gov.au/fwo/IDW60801/IDW60801.94215.json,-15.3797,126.3114
DOUGLAS RIVER,Douglas River,http://www.bom.gov.au/fwo/IDD60801/IDD60801.94128.json,-13.8345,131.1872
DOVER,Dover,http://www.bom.gov.au/fwo/IDT60801/IDT60801.94961.json,-43.333,146.998
DWELLINGUP,Dwellingup,http://www.bom.gov.au/fwo/IDW60801/IDW60801.94620.json,-32.7103,116.0594
EDI UPPER,Edi Upper,http://www.bom.gov.au/fwo/IDV60801/IDV60801.95838.json,-36.7396,146.4671
EDITHBURGH,Edithburgh,http://www.bom.gov.au/fwo/IDS60801/IDS60801.94809.json,-35.1121,137.7395
EILDON FIRE TOWER,Eildon Fire Tower,http://www.bom.gov.au/fwo/IDV60801/IDV60801.94881.json,-37.2091,145.8423
ELLIOTT,Elliott,http://www.bom.gov.au/fwo/IDD60801/IDD60801.94236.json,-17.5552,133.5439
ELLISTON,Elliston,http://www.bom.gov.au/fwo/IDS60801/IDS60801.94656.json,-33.6501,134.888
ESPERANCE,Esperance,http://www.bom.gov.au/fwo/IDW60801/IDW60801.94638.json,-33.83,121.8925
ESSENDON AIRPORT,Essendon Airport,http://www.bom.gov.au/fwo/IDV60801/IDV60801.95866.json,-37.7276,144.9066
EUCLA,Eucla,http://www.bom.gov.au/fwo/IDW60801/IDW60801.94647.json,-31.6797,128.8958
EUDUNDA,Eudunda,http://www.bom.gov.au/fwo/IDS60801/IDS60801.94680.json,-34.1754,139.0847
EYRE,Eyre,http://www.bom.gov.au/fwo/IDW60801/IDW60801.94645.json,-32.2464,126.3008
FALLS CREEK,Falls Creek,http://www.bom.gov.au/fwo/IDV60801/IDV60801.94903.json,-36.8708,147.2755
FERNY CREEK,Ferny Creek,http://www.bom.gov.au/fwo/IDV60801/IDV60801.94872.json,-37.8748,145.3496
FLINDERS ISLAND AIRPORT,Flinders Island Airport,http://www.bom.gov.au/fwo/IDT60801/IDT60801.94980.json,-40.0911,148.0024
FLINDERS REEF,Flinders Reef,http://www.bom.gov.au/fwo/IDQ60801/IDQ60801.94290.json,-17.7195,148.4478
FORREST,Forrest,http://www.bom.gov.au/fwo/IDW60801/IDW60801.95646.json,-30.8453,128.1092
FREDERICK REEF,Frederick Reef,http://www.bom.gov.au/fwo/IDQ60801/IDQ60801.94393.json,-20.9375,154.4019
FRIENDLY BEACHES,Friendly Beaches,http://www.bom.gov.au/fwo/IDT60801/IDT60801.94987.json,-41.9953,148.2794
GELANTIPY,Gelantipy,http://www.bom.gov.au/fwo/IDV60801/IDV60801.94913.json,-37.22,148.2625
GEORGETOWN AIRPORT,Georgetown Airport,http://www.bom.gov.au/fwo/IDQ60801/IDQ60801.94274.json,-18.3039,143.5306
GERALDTON AIRPORT,Geraldton Airport,http://www.bom.gov.au/fwo/IDW60801/IDW60801.94403.json,-28.8047,114.6989
GLADSTONE AIRPORT,Gladstone Airport,http://www.bom.gov.au/fwo/IDQ60801/IDQ60801.94381.json,-23.8697,151.2214
GOLD COAST SEAWAY,Gold Coast Seaway,http://www.bom.gov.au/fwo/IDQ60801/IDQ60801.94580.json,-27.939,153.4283
GOOMALLING,Goomalling,http://www.bom.gov.au/fwo/IDW60801/IDW60801.95631.json,-31.2994,116.8269
GOOSEBERRY HILL,Gooseberry Hill,http://www.bom.gov.au/fwo/IDW60801/IDW60801.94615.json,-31.9414,116.0506
GOVE AIRPORT,Gove Airport,http://www.bom.gov.au/fwo/IDD60801/IDD60801.94150.json,-12.2741,136.8201
GROOTE EYLANDT AIRPORT,Groote Eylandt Airport,http://www.bom.gov.au/fwo/IDD60801/IDD60801.94153.json,-13.9746,136.463
GYMPIE,Gympie,http://www.bom.gov.au/fwo/IDQ60801/IDQ60801.94566.json,-26.1831,152.6414
HAWKER,Hawker,http://www.bom.gov.au/fwo/IDS60801/IDS60801.94673.json,-31.8846,138.435
HOBART AIRPORT,Hobart Airport,http://www.bom.gov.au/fwo/IDT60801/IDT60801.94975.json,-42.8339,147.5033
HOGAN ISLAND,Hogan Island,http://www.bom.gov.au/fwo/IDT60801/IDT60801.94949.json,-39.2225,146.9841
HOLMES REEF,Holmes Reef,http://www.bom.gov.au/fwo/IDQ60801/IDQ60801.94289.json,-16.4683,147.8734
HOPETOUN AIRPORT,Hopetoun Airport,http://www.bom.gov.au/fwo/IDV60801/IDV60801.94838.json,-35.7151,142.3569
HOPETOUN NORTH,Hopetoun North,http://www.bom.gov.au/fwo/IDW60801/IDW60801.95635.json,-33.9306,120.1283
HORN ISLAND,Horn Island,http://www.bom.gov.au/fwo/IDQ60801/IDQ60801.94174.json,-10.5844,142.29
HUME RESERVOIR,Hume Reservoir,http://www.bom.gov.au/fwo/IDN60801/IDN60801.94901.json,-36.1039,147.0329
HUNTERS HILL,Hunters Hill,http://www.bom.gov.au/fwo/IDV60801/IDV60801.94878.json,-36.2136,147.5394
HYDEN,Hyden,http://www.bom.gov.au/fwo/IDW60801/IDW60801.95627.json,-32.4419,118.8983
INNISFAIL,Innisfail,http://www.bom.gov.au/fwo/IDQ60801/IDQ60801.94291.json,-17.5249,146.0345
JACUP,Jacup,http://www.bom.gov.au/fwo/IDW60801/IDW60801.95636.json,-33.8878,119.1092
JARRAHWOOD,Jarrahwood,http://www.bom.gov.au/fwo/IDW60801/IDW60801.95623.json,-33.7964,115.6658
JERVOIS,Jervois,http://www.bom.gov.au/fwo/IDD60801/IDD60801.94327.json,-22.9494,136.1442
JURIEN BAY,Jurien Bay,http://www.bom.gov.au/fwo/IDW60801/IDW60801.95600.json,-30.3081,115.0311
KALBARRI,Kalbarri,http://www.bom.gov.au/fwo/IDW60801/IDW60801.94401.json,-27.7119,114.165
KALUMBURU,Kalumburu,http://www.bom.gov.au/fwo/IDD60801/IDD60801.94100.json,-14.2964,126.6453
KANAGULK,Kanagulk,http://www.bom.gov.au/fwo/IDV60801/IDV60801.95827.json,-37.1169,141.8031
KARNET,Karnet,http://www.bom.gov.au/fwo/IDW60801/IDW60801.95614.json,-32.4389,116.0789
KAROONDA,Karoonda,http://www.bom.gov.au/fwo/IDS60801/IDS60801.95813.json,-35.09,139.8972
KEITH,Keith,http://www.bom.gov.au/fwo/IDS60801/IDS60801.94816.json,-36.098,140.3556
KELLERBERRIN,Kellerberrin,http://www.bom.gov.au/fwo/IDW60801/IDW60801.95603.json,-31.6183,117.7217
KERANG,Kerang,http://www.bom.gov.au/fwo/IDV60801/IDV60801.94844.json,-35.7236,143.9197
KIMBA,Kimba,http://www.bom.gov.au/fwo/IDS60801/IDS60801.94668.json,-33.1416,136.4126
KING ISLAND AIRPORT,King Island Airport,http://www.bom.gov.au/fwo/IDT60801/IDT60801.94850.json,-39.8801,143.8829
KULGERA,Kulgera,http://www.bom.gov.au/fwo/IDD60801/IDD60801.94466.json,-25.8428,133.3027
KYABRAM,Kyabram,http://www.bom.gov.au/fwo/IDV60801/IDV60801.95833.json,-36.335,145.0638
KYANCUTTA,Kyancutta,http://www.bom.gov.au/fwo/IDS60801/IDS60801.94657.json,-33.1337,135.5521
LADY ELLIOT ISLAND,Lady Elliot Island,http://www.bom.gov.au/fwo/IDQ60801/IDQ60801.94388.json,-24.1116,152.7161
LAKE EILDON,Lake Eildon,http://www.bom.gov.au/fwo/IDV60801/IDV60801.94882.json,-37.2313,145.9124
LAKE GRACE,Lake Grace,http://www.bom.gov.au/fwo/IDW60801/IDW60801.95637.json,-33.1006,118.4647
LANCELIN,Lancelin,http://www.bom.gov.au/fwo/IDW60801/IDW60801.95606.json,-31.016,115.3322
LARAPUNA (EDDYSTONE POINT),Larapuna (Eddystone Point),http://www.bom.gov.au/fwo/IDT60801/IDT60801.94983.json,-40.9928,148.3467
LAUNCESTON AIRPORT,Launceston Airport,http://www.bom.gov.au/fwo/IDT60801/IDT60801.95966.json,-41.5492,147.2144
LEGENDRE ISLAND,Legendre Island,http://www.bom.gov.au/fwo/IDW60801/IDW60801.94307.json,-20.3583,116.8431
LIAWENEE,Liawenee,http://www.bom.gov.au/fwo/IDT60801/IDT60801.95959.json,-41.8997,146.6694
LIHOU REEF LIGHTHOUSE,Lihou Reef Lighthouse,http://www.bom.gov.au/fwo/IDQ60801/IDQ60801.94293.json,-17.133,152.145
LOCHINGTON,Lochington,http://www.bom.gov.au/fwo/IDQ60801/IDQ60801.94399.json,-23.9424,147.525
LONGERENONG,Longerenong,http://www.bom.gov.au/fwo/IDV60801/IDV60801.95835.json,-36.6722,142.2991
LOW HEAD,Low Head,http://www.bom.gov.au/fwo/IDT60801/IDT60801.95964.json,-41.0547,146.7874
LOW ROCKY POINT,Low Rocky Point,http://www.bom.gov.au/fwo/IDT60801/IDT60801.95961.json,-42.9831,145.5025
MACQUARIE ISLAND,Macquarie Island,http://www.bom.gov.au/fwo/IDT60801/IDT60801.94998.json,-54.4994,158.9369
MAITLAND,Maitland,http://www.bom.gov.au/fwo/IDN60801/IDN60801.95775.json,-34.3745,137.6733
MALLACOOTA,Mallacoota,http://www.bom.gov.au/fwo/IDV60801/IDV60801.94935.json,-37.5976,149.7289
MANDORA,Mandora,http://www.bom.gov.au/fwo/IDW60801/IDW60801.94200.json,-19.7419,120.8433
MANDURAH,Mandurah,http://www.bom.gov.au/fwo/IDW60801/IDW60801.94605.json,-32.5219,115.7119
MANINGRIDA AIRPORT,Maningrida Airport,http://www.bom.gov.au/fwo/IDD60801/IDD60801.95142.json,-12.0569,134.2339
MANJIMUP,Manjimup,http://www.bom.gov.au/fwo/IDW60801/IDW60801.94617.json,-34.2508,116.145
MARBLE BAR,Marble Bar,http://www.bom.gov.au/fwo/IDW60801/IDW60801.95317.json,-21.1756,119.7497
MARDIE,Mardie,http://www.bom.gov.au/fwo/IDW60801/IDW60801.94306.json,-21.1906,115.9797
MARION REEF,Marion Reef,http://www.bom.gov.au/fwo/IDQ60801/IDQ60801.94298.json,-19.0964,152.3892
MARRAWAH,Marrawah,http://www.bom.gov.au/fwo/IDT60801/IDT60801.94950.json,-40.9089,144.7094
MARYBOROUGH,Maryborough,http://www.bom.gov.au/fwo/IDQ60801/IDQ60801.94567.json,-37.056,143.732
MCCLUER ISLAND,McCluer Island,http://www.bom.gov.au/fwo/IDD60801/IDD60801.94135.json,-11.0468,132.9791
MELBOURNE AIRPORT,Melbourne Airport,http://www.bom.gov.au/fwo/IDV60801/IDV60801.94866.json,-37.6655,144.8321
MELBOURNE (OLYMPIC PARK),Melbourne (Olympic Park),http://www.bom.gov.au/fwo/IDV60801/IDV60801.95936.json,-37.8255,144.9816
MENINGIE,Meningie,http://www.bom.gov.au/fwo/IDS60801/IDS60801.95814.json,-35.6902,139.3375
MERREDIN,Merredin,http://www.bom.gov.au/fwo/IDW60801/IDW60801.95624.json,-31.4756,118.2789
MIDDLE PERCY ISLAND,Middle Percy Island,http://www.bom.gov.au/fwo/IDQ60801/IDQ60801.94372.json,-21.6628,150.2711
MIDDLE POINT,Middle Point,http://www.bom.gov.au/fwo/IDD60801/IDD60801.95121.json,-12.605,131.2988
MONTO TOWNSHIP,Monto Township,http://www.bom.gov.au/fwo/IDQ60801/IDQ60801.94377.json,-24.8642,151.1247
MOOMBA AIRPORT,Moomba Airport,http://www.bom.gov.au/fwo/IDS60801/IDS60801.95481.json,-28.0997,140.1956
MOORABBIN AIRPORT,Moorabbin Airport,http://www.bom.gov.au/fwo/IDV60801/IDV60801.94870.json,-37.98,145.0962
MORANBAH AIRPORT,Moranbah Airport,http://www.bom.gov.au/fwo/IDQ60801/IDQ60801.94397.json,-22.0644,148.0758
MORAWA AIRPORT,Morawa Airport,http://www.bom.gov.au/fwo/IDW60801/IDW60801.94417.json,-29.2039,116.0247
MORNINGTON ISLAND AIRPORT,Mornington Island Airport,http://www.bom.gov.au/fwo/IDQ60801/IDQ60801.94254.json,-16.662,139.1655
MOUNT BARKER,Mount Barker,http://www.bom.gov.au/fwo/IDS60801/IDS60801.94806.json,-35.073,138.8465
MOUNT BAW BAW,Mount Baw Baw,http://www.bom.gov.au/fwo/IDV60801/IDV60801.95901.json,-37.8383,146.2747
MOUNT BULLER,Mount Buller,http://www.bom.gov.au/fwo/IDV60801/IDV60801.94894.json,-37.145,146.4394
MOUNT HOTHAM,Mount Hotham,http://www.bom.gov.au/fwo/IDV60801/IDV60801.94906.json,-36.9767,147.1342
MOUNT IVE,Mount Ive,http://www.bom.gov.au/fwo/IDS60801/IDS60801.94660.json,-32.4398,136.0671
MOUNT LOFTY,Mount Lofty,http://www.bom.gov.au/fwo/IDS60801/IDS60801.95678.json,-34.9784,138.7088
MOUNT MOORNAPA,Mount Moornapa,http://www.bom.gov.au/fwo/IDV60801/IDV60801.95913.json,-37.7481,147.1428
MOUNT NOWA NOWA,Mount Nowa Nowa,http://www.bom.gov.au/fwo/IDV60801/IDV60801.94930.json,-37.6924,148.0908
MOUNT READ,Mount Read,http://www.bom.gov.au/fwo/IDT60801/IDT60801.95952.json,-41.8444,145.5417
MULLEWA,Mullewa,http://www.bom.gov.au/fwo/IDW60801/IDW60801.94411.json,-28.5367,115.5142
MUNGLINUP WEST,Munglinup West,http://www.bom.gov.au/fwo/IDW60801/IDW60801.95644.json,-33.5547,120.6997
MURCHISON,Murchison,http://www.bom.gov.au/fwo/IDW60801/IDW60801.94422.json,-26.8956,115.9567
MURGANELLA AIRSTRIP,Murganella Airstrip,http://www.bom.gov.au/fwo/IDD60801/IDD60801.94109.json,-11.5485,132.9266
NAREMBEEN,Narembeen,http://www.bom.gov.au/fwo/IDW60801/IDW60801.95626.json,-32.0656,118.3956
NARROGIN,Narrogin,http://www.bom.gov.au/fwo/IDW60801/IDW60801.94627.json,-32.9342,117.1797
NEPTUNE ISLAND,Neptune Island,http://www.bom.gov.au/fwo/IDS60801/IDS60801.94804.json,-35.3365,136.1174
NEW MAY DOWNS,New May Downs,http://www.bom.gov.au/fwo/IDQ60801/IDQ60801.94349.json,-20.59,139.3411
NEWCASTLE UNIVERSITY,Newcastle University,http://www.bom.gov.au/fwo/IDN60801/IDN60801.94781.json,-32.8906,151.7068
NHILL AERODROME,Nhill Aerodrome,http://www.bom.gov.au/fwo/IDV60801/IDV60801.94827.json,-36.3092,141.6486
NOARLUNGA,Noarlunga,http://www.bom.gov.au/fwo/IDS60801/IDS60801.94808.json,-35.1586,138.5057
NORTH ISLAND,North Island,http://www.bom.gov.au/fwo/IDW60801/IDW60801.94405.json,-28.3008,113.5936
NORTHAM,Northam,http://www.bom.gov.au/fwo/IDW60801/IDW60801.94621.json,-31.6508,116.6586
NULLARBOR,Nullarbor,http://www.bom.gov.au/fwo/IDS60801/IDS60801.94651.json,-31.4492,130.8976
OENPELLI AIRPORT,Oenpelli Airport,http://www.bom.gov.au/fwo/IDD60801/IDD60801.94110.json,-12.3272,133.0069
OMEO,Omeo,http://www.bom.gov.au/fwo/IDV60801/IDV60801.94908.json,-37.1017,147.6008
ONGERUP,Ongerup,http://www.bom.gov.au/fwo/IDW60801/IDW60801.95628.json,-33.9644,118.4889
ONSLOW AIRPORT,Onslow Airport,http://www.bom.gov.au/fwo/IDW60801/IDW60801.95305.json,-21.6689,115.1092
ORBOST,Orbost,http://www.bom.gov.au/fwo/IDV60801/IDV60801.95918.json,-37.6922,148.4667
PALMERVILLE,Palmerville,http://www.bom.gov.au/fwo/IDQ60801/IDQ60801.94276.json,-15.9999,144.0754
PAYNES FIND,Paynes Find,http://www.bom.gov.au/fwo/IDW60801/IDW60801.94404.json,-29.2708,117.6836
PEMBERTON,Pemberton,http://www.bom.gov.au/fwo/IDW60801/IDW60801.95613.json,-34.4478,116.0433
PERTH AIRPORT,Perth Airport,http://www.bom.gov.au/fwo/IDW60801/IDW60801.94610.json,-31.9275,115.9764
PINDARI DAM,Pindari Dam,http://www.bom.gov.au/fwo/IDN60801/IDN60801.94544.json,-29.3899,151.2448
PINGELLY,Pingelly,http://www.bom.gov.au/fwo/IDW60801/IDW60801.95616.json,-32.5336,117.0831
POINT FAWCETT,Point Fawcett,http://www.bom.gov.au/fwo/IDD60801/IDD60801.94122.json,-11.7628,130.03
POINT LOOKOUT,Point Lookout,http://www.bom.gov.au/fwo/IDQ60801/IDQ60801.94593.json,-27.4361,153.5456
POINT STUART,Point Stuart,http://www.bom.gov.au/fwo/IDD60801/IDD60801.94127.json,-12.2397,131.8791
POUND CREEK,Pound Creek,http://www.bom.gov.au/fwo/IDV60801/IDV60801.94886.json,-38.6297,145.8107
PRICE,Price,http://www.bom.gov.au/fwo/IDS60801/IDS60801.95669.json,-34.2971,138.0014
RABBIT FLAT,Rabbit Flat,http://www.bom.gov.au/fwo/IDD60801/IDD60801.95322.json,-20.1823,130.0148
RAINBOW BEACH,Rainbow Beach,http://www.bom.gov.au/fwo/IDQ60801/IDQ60801.94564.json,-25.9007,153.0891
RAVENSTHORPE,Ravensthorpe,http://www.bom.gov.au/fwo/IDW60801/IDW60801.94636.json,-33.5803,120.0458
RED ROCKS POINT,Red Rocks Point,http://www.bom.gov.au/fwo/IDW60801/IDW60801.94644.json,-32.2028,127.5297
REDCLIFFE,Redcliffe,http://www.bom.gov.au/fwo/IDQ60801/IDQ60801.95591.json,-27.2169,153.0922
REDESDALE,Redesdale,http://www.bom.gov.au/fwo/IDV60801/IDV60801.94859.json,-37.0194,144.5203
REDLAND (ALEXANDRA HILLS),Redland (Alexandra Hills),http://www.bom.gov.au/fwo/IDQ60801/IDQ60801.94561.json,-27.5433,153.2394
RHYLL,Rhyll,http://www.bom.gov.au/fwo/IDV60801/IDV60801.94892.json,-38.4612,145.3101
ROLLESTON AIRPORT,Rolleston Airport,http://www.bom.gov.au/fwo/IDQ60801/IDQ60801.94396.json,-24.4617,148.6264
ROTTNEST ISLAND,Rottnest Island,http://www.bom.gov.au/fwo/IDW60801/IDW60801.94602.json,-32.0069,115.5022
ROWLEY SHOALS,Rowley Shoals,http://www.bom.gov.au/fwo/IDW60801/IDW60801.94207.json,-17.5217,118.9531
RUNDLE ISLAND,Rundle Island,http://www.bom.gov.au/fwo/IDQ60801/IDQ60801.94378.json,-23.5293,151.2763
SEVENTEEN SEVENTY,Seventeen Seventy,http://www.bom.gov.au/fwo/IDQ60801/IDQ60801.94384.json,-24.1568,151.8889
SHANNON,Shannon,http://www.bom.gov.au/fwo/IDW60801/IDW60801.95617.json,-34.5683,116.3367
SHARK BAY AIRPORT,Shark Bay Airport,http://www.bom.gov.au/fwo/IDW60801/IDW60801.95402.json,-25.8925,113.5772
SHEOAKS,Sheoaks,http://www.bom.gov.au/fwo/IDV60801/IDV60801.94863.json,-37.9075,144.1303
ST LAWRENCE,St Lawrence,http://www.bom.gov.au/fwo/IDQ60801/IDQ60801.95369.json,-22.3472,149.5242
STENHOUSE BAY,Stenhouse Bay,http://www.bom.gov.au/fwo/IDS60801/IDS60801.95806.json,-35.2795,136.9392
STRATHBOGIE,Strathbogie,http://www.bom.gov.au/fwo/IDV60801/IDV60801.95843.json,-36.8472,145.7308
STREAKY BAY,Streaky Bay,http://www.bom.gov.au/fwo/IDS60801/IDS60801.94654.json,-32.7963,134.2116
SURAT,Surat,http://www.bom.gov.au/fwo/IDQ60801/IDQ60801.94521.json,-27.1591,149.0702
SWAN ISLAND,Swan Island,http://www.bom.gov.au/fwo/IDT60801/IDT60801.95985.json,-40.7292,148.125
SWANBOURNE,Swanbourne,http://www.bom.gov.au/fwo/IDW60801/IDW60801.94614.json,-31.9558,115.7619
SWEERS ISLAND,Sweers Island,http://www.bom.gov.au/fwo/IDQ60801/IDQ60801.94257.json,-17.1142,139.5981
TASMAN ISLAND,Tasman Island,http://www.bom.gov.au/fwo/IDT60801/IDT60801.95986.json,-43.2397,148.0025
TERRITORY GRAPE FARM,Territory Grape Farm,http://www.bom.gov.au/fwo/IDD60801/IDD60801.94328.json,-22.4518,133.6377
THREDBO VILLAGE,Thredbo Village,http://www.bom.gov.au/fwo/IDN60801/IDN60801.95908.json,-36.5031,148.3038
TIBOOBURRA AIRPORT,Tibooburra Airport,http://www.bom.gov.au/fwo/IDN60801/IDN60801.95485.json,-29.4448,142.0567
TROUGHTON ISLAND,Troughton Island,http://www.bom.gov.au/fwo/IDD60801/IDD60801.94102.json,-13.7542,126.1485
TRUSCOTT,Truscott,http://www.bom.gov.au/fwo/IDD60801/IDD60801.95101.json,-14.09,126.3867
VICTORIA RIVER DOWNS,Victoria River Downs,http://www.bom.gov.au/fwo/IDD60801/IDD60801.94232.json,-16.403,131.0145
VIEWBANK,Viewbank,http://www.bom.gov.au/fwo/IDV60801/IDV60801.95874.json,-37.7408,145.0972
WAGIN,Wagin,http://www.bom.gov.au/fwo/IDW60801/IDW60801.95618.json,-33.3075,117.3403
WANDERING,Wandering,http://www.bom.gov.au/fwo/IDW60801/IDW60801.95640.json,-32.6722,116.6706
WARMUN,Warmun,http://www.bom.gov.au/fwo/IDW60801/IDW60801.94213.json,-17.0156,128.2175
WAROOKA,Warooka,http://www.bom.gov.au/fwo/IDS60801/IDS60801.94663.json,-34.9906,137.3995
WARRA,Warra,http://www.bom.gov.au/fwo/IDT60801/IDT60801.95962.json,-43.0609,146.704
WARWICK,Warwick,http://www.bom.gov.au/fwo/IDQ60801/IDQ60801.94555.json,-28.2061,152.1003
WATARRKA,Watarrka,http://www.bom.gov.au/fwo/IDD60801/IDD60801.94323.json,-24.2918,131.549
WEST ROEBUCK,West Roebuck,http://www.bom.gov.au/fwo/IDW60801/IDW60801.95204.json,-17.8964,122.3122
WESTMERE,Westmere,http://www.bom.gov.au/fwo/IDV60801/IDV60801.95840.json,-37.7067,142.9378
WHITE CLIFFS AWS,White Cliffs AWS,http://www.bom.gov.au/fwo/IDN60801/IDN60801.95699.json,-30.8522,143.0743
WILLIAMSON,Williamson,http://www.bom.gov.au/fwo/IDQ60801/IDQ60801.95370.json,-22.4703,150.1786
WILLIS ISLAND,Willis Island,http://www.bom.gov.au/fwo/IDQ60801/IDQ60801.94299.json,-16.2878,149.9652
WILUNA,Wiluna,http://www.bom.gov.au/fwo/IDW60801/IDW60801.94439.json,-26.5914,120.2258
WINDY HARBOUR,Windy Harbour,http://www.bom.gov.au/fwo/IDW60801/IDW60801.94640.json,-34.8361,116.0308
WITCHCLIFFE,Witchcliffe,http://www.bom.gov.au/fwo/IDW60801/IDW60801.95641.json,-34.0281,115.1042
WONGAN HILLS,Wongan Hills,http://www.bom.gov.au/fwo/IDW60801/IDW60801.94622.json,-30.8917,116.7186
WONTHAGGI,Wonthaggi,http://www.bom.gov.au/fwo/IDV60801/IDV60801.95881.json,-38.6078,145.5965
WOOLSHED,Woolshed,http://www.bom.gov.au/fwo/IDQ60801/IDQ60801.95293.json,-19.4167,146.5364
YARRAM AIRPORT,Yarram Airport,http://www.bom.gov.au/fwo/IDV60801/IDV60801.95890.json,-38.5647,146.7479
YARRAWONGA,Yarrawonga,http://www.bom.gov.au/fwo/IDN60801/IDN60801.94862.json,-36.0294,146.0306
YEELIRRIE,Yeelirrie,http://www.bom.gov.au/fwo/IDW60801/IDW60801.94440.json,-27.2842,120.0931
YONGALA,Yongala,http://www.bom.gov.au/fwo/IDS60801/IDS60801.94679.json,-33.0276,138.756
YORK,York,http://www.bom.gov.au/fwo/IDW60801/IDW60801.94623.json,-31.8997,116.765
ADELAIDE,Adelaide,http://www.bom.gov.au/fwo/IDS60801/IDS60801.94675.json,-34.9524,138.5196
ADELE ISLAND,Adele Island,http://www.bom.gov.au/fwo/IDW60801/IDW60801.94210.json,,
ALBION PARK,Albion Park,http://www.bom.gov.au/fwo/IDN60801/IDN60801.95748.json,,
ALBURY,Albury,http://www.bom.gov.au/fwo/IDN60801/IDN60801.95896.json,,
ALI CURUNG,Ali Curung,http://www.bom.gov.au/fwo/IDD60801/IDD60801.94325.json,,
ALYANGULA,Alyangula,http://www.bom.gov.au/fwo/IDD60801/IDD60801.94149.json,,
AMBERLEY,Amberley,http://www.bom.gov.au/fwo/IDQ60801/IDQ60801.94568.json,,
ARARAT,Ararat,http://www.bom.gov.au/fwo/IDV60801/IDV60801.94834.json,,
ARCHERFIELD,Archerfield,http://www.bom.gov.au/fwo/IDQ60801/IDQ60801.94575.json,-27.5717,153.0078
ARGYLE,Argyle,http://www.bom.gov.au/fwo/IDD60801/IDD60801.94217.json,,
ARLINGTON REEF,Arlington Reef,http://www.bom.gov.au/fwo/IDQ60801/IDQ60801.94284.json,,
ARMIDALE,Armidale,http://www.bom.gov.au/fwo/IDN60801/IDN60801.94773.json,,
ARMIDALE AIRPORT,Armidale Airport,http://www.bom.gov.au/fwo/IDN60801/IDN60801.95773.json,,
ARTHUR RIVER (WUTHERING HEIGHTS RD),Arthur River (Wuthering Heights Rd),http://www.bom.gov.au/fwo/IDT60801/IDT60801.99048.json,,
AVALON,Avalon,http://www.bom.gov.au/fwo/IDV60801/IDV60801.94854.json,-38.0287,144.4783
AYR,Ayr,http://www.bom.gov.au/fwo/IDQ60801/IDQ60801.95295.json,,
BADGERYS CREEK,Badgerys Creek,http://www.bom.gov.au/fwo/IDN60801/IDN60801.94752.json,-33.8969,150.7281
BADGINGARRA,Badgingarra,http://www.bom.gov.au/fwo/IDW60801/IDW60801.94603.json,,
BAIRNSDALE,Bairnsdale,http://www.bom.gov.au/fwo/IDV60801/IDV60801.94912.json,-37.8817,147.5669
BALGAIR,Balgair,http://www.bom.gov.au/fwo/IDW60801/IDW60801.94643.json,,
BALGO HILLS,Balgo Hills,http://www.bom.gov.au/fwo/IDW60801/IDW60801.94320.json,,
BALLARAT,Ballarat,http://www.bom.gov.au/fwo/IDV60801/IDV60801.94852.json,,
BALLERA,Ballera,http://www.bom.gov.au/fwo/IDQ60801/IDQ60801.95487.json,,
BALLINA,Ballina,http://www.bom.gov.au/fwo/IDN60801/IDN60801.94596.json,,
BALRANALD,Balranald,http://www.bom.gov.au/fwo/IDN60801/IDN60801.94696.json,,
BANANA BANK,Banana Bank,http://www.bom.gov.au/fwo/IDQ60801/IDQ60801.94591.json,,
BANKSTOWN,Bankstown,http://www.bom.gov.au/fwo/IDN60801/IDN60801.94765.json,,
BARCALDINE,Barcaldine,http://www.bom.gov.au/fwo/IDQ60801/IDQ60801.94350.json,,
BARIMUNYA,Barimunya,http://www.bom.gov.au/fwo/IDW60801/IDW60801.99313.json,,
BAROON POCKET,Baroon Pocket,http://www.bom.gov.au/fwo/IDQ60801/IDQ60801.94548.json,,
BARRABA,Barraba,http://www.bom.gov.au/fwo/IDN60801/IDN60801.94761.json,,
BARROW ISLAND,Barrow Island,http://www.bom.gov.au/fwo/IDW60801/IDW60801.95304.json,-20.874,115.4066
BATCHELOR,Batchelor,http://www.bom.gov.au/fwo/IDD60801/IDD60801.94125.json,-13.0544,131.0252
BATEMANS BAY,Batemans Bay,http://www.bom.gov.au/fwo/IDN60801/IDN60801.94941.json,,
BATHURST,Bathurst,http://www.bom.gov.au/fwo/IDN60801/IDN60801.94730.json,,
BATHURST AIRPORT,Bathurst Airport,http://www.bom.gov.au/fwo/IDN60801/IDN60801.94729.json,,
BEAUDESERT AWS,Beaudesert AWS,http://www.bom.gov.au/fwo/IDQ60801/IDQ60801.95575.json,,
BEDOURIE,Bedourie,http://www.bom.gov.au/fwo/IDQ60801/IDQ60801.94334.json,,
BEDOUT ISLAND,Bedout Island,http://www.bom.gov.au/fwo/IDW60801/IDW60801.94310.json,,
BEECHWORTH,Beechworth,http://www.bom.gov.au/fwo/IDV60801/IDV60801.94895.json,,
BEERBURRUM,Beerburrum,http://www.bom.gov.au/fwo/IDQ60801/IDQ60801.95566.json,,
BEGA,Bega,http://www.bom.gov.au/fwo/IDN60801/IDN60801.95931.json,-36.6722,149.8191
BELLAMBI,Bellambi,http://www.bom.gov.au/fwo/IDN60801/IDN60801.94749.json,-34.3691,150.9291
BEN NEVIS,Ben Nevis,http://www.bom.gov.au/fwo/IDV60801/IDV60801.94835.json,,
BENALLA,Benalla,http://www.bom.gov.au/fwo/IDV60801/IDV60801.94884.json,-36.5523,145.9977
BENDIGO,Bendigo,http://www.bom.gov.au/fwo/IDV60801/IDV60801.94855.json,-36.7395,144.3266
BICHENO,Bicheno,http://www.bom.gov.au/fwo/IDT60801/IDT60801.95989.json,,
BILOELA,Biloela,http://www.bom.gov.au/fwo/IDQ60801/IDQ60801.94376.json,,
BIRDSVILLE,Birdsville,http://www.bom.gov.au/fwo/IDQ60801/IDQ60801.95482.json,-25.8975,139.3472
BLACKALL,Blackall,http://www.bom.gov.au/fwo/IDQ60801/IDQ60801.95351.json,-24.4303,145.4306
BOLLON,Bollon,http://www.bom.gov.au/fwo/IDQ60801/IDQ60801.94513.json,,
BOMBALA,Bombala,http://www.bom.gov.au/fwo/IDN60801/IDN60801.94928.json,-37.0016,149.2336
BORROLOOLA,Borroloola,http://www.bom.gov.au/fwo/IDD60801/IDD60801.94152.json,-16.0755,136.3041
BOULIA,Boulia,http://www.bom.gov.au/fwo/IDQ60801/IDQ60801.94333.json,-22.9117,139.9039
BOURKE,Bourke,http://www.bom.gov.au/fwo/IDN60801/IDN60801.94703.json,,
BOWEN AIRPORT,Bowen Airport,http://www.bom.gov.au/fwo/IDQ60801/IDQ60801.94366.json,,
BRAIDWOOD,Braidwood,http://www.bom.gov.au/fwo/IDN60801/IDN60801.94927.json,,
BREWARRINA,Brewarrina,http://www.bom.gov.au/fwo/IDN60801/IDN60801.95512.json,,
BREWON,Brewon,http://www.bom.gov.au/fwo/IDN60801/IDN60801.94793.json,,
BRIDPORT,Bridport,http://www.bom.gov.au/fwo/IDT60801/IDT60801.95973.json,,
BRISBANE AIRPORT,Brisbane Airport,http://www.bom.gov.au/fwo/IDQ60801/IDQ60801.94578.json,-27.4808,153.0389
BROKEN HILL,Broken Hill,http://www.bom.gov.au/fwo/IDN60801/IDN60801.94689.json,,
BROKEN HILL AIRPORT,Broken Hill Airport,http://www.bom.gov.au/fwo/IDN60801/IDN60801.94691.json,,
BROOME,Broome,http://www.bom.gov.au/fwo/IDW60801/IDW60801.94203.json,-17.9475,122.2353
BROOME PORT,Broome Port,http://www.bom.gov.au/fwo/IDW60801/IDW60801.95202.json,,
BUNDABERG,Bundaberg,http://www.bom.gov.au/fwo/IDQ60801/IDQ60801.94387.json,-24.9069,152.323
BUNDOORA,Bundoora,http://www.bom.gov.au/fwo/IDV60801/IDV60801.95873.json,,
BURNIE,Burnie,http://www.bom.gov.au/fwo/IDT60801/IDT60801.94958.json,,
BURNIE PORT,Burnie Port,http://www.bom.gov.au/fwo/IDT60801/IDT60801.95963.json,,
BUSHY PARK,Bushy Park,http://www.bom.gov.au/fwo/IDT60801/IDT60801.94964.json,,
BUSSELTON AIRPORT,Busselton Airport,http://www.bom.gov.au/fwo/IDW60801/IDW60801.95611.json,-33.6858,115.4008
BUSSELTON JETTY,Busselton Jetty,http://www.bom.gov.au/fwo/IDW60801/IDW60801.95602.json,,
BUSSELTON TOWN,Busselton Town,http://www.bom.gov.au/fwo/IDW60801/IDW60801.95630.json,,
CABRAMURRA,Cabramurra,http://www.bom.gov.au/fwo/IDN60801/IDN60801.95916.json,,
CAIRNS,Cairns,http://www.bom.gov.au/fwo/IDQ60801/IDQ60801.94287.json,-16.8736,145.7458
CAMDEN,Camden,http://www.bom.gov.au/fwo/IDN60801/IDN60801.94755.json,,
CAMOOWEAL,Camooweal,http://www.bom.gov.au/fwo/IDD60801/IDD60801.94255.json,,
CAMPANIA,Campania,http://www.bom.gov.au/fwo/IDT60801/IDT60801.95972.json,,
CAMPBELLTOWN,Campbelltown,http://www.bom.gov.au/fwo/IDN60801/IDN60801.94757.json,,
CANBERRA,Canberra,http://www.bom.gov.au/fwo/IDN60801/IDN60801.94926.json,-35.3088,149.2004
CANTERBURY,Canterbury,http://www.bom.gov.au/fwo/IDN60801/IDN60801.94766.json,,
CAPE BRUNY,Cape Bruny,http://www.bom.gov.au/fwo/IDT60801/IDT60801.94967.json,,
CAPE BRUNY AWS,Cape Bruny AWS,http://www.bom.gov.au/fwo/IDT60801/IDT60801.95967.json,,
CAPE BYRON,Cape Byron,http://www.bom.gov.au/fwo/IDN60801/IDN60801.94599.json,,
CAPE DON,Cape Don,http://www.bom.gov.au/fwo/IDD60801/IDD60801.94129.json,,
CAPE FERGUSON,Cape Ferguson,http://www.bom.gov.au/fwo/IDQ60801/IDQ60801.94297.json,,
CAPE JAFFA,Cape Jaffa,http://www.bom.gov.au/fwo/IDS60801/IDS60801.94813.json,,
CAPE MORETON,Cape Moreton,http://www.bom.gov.au/fwo/IDQ60801/IDQ60801.94594.json,,
CAPE NELSON,Cape Nelson,http://www.bom.gov.au/fwo/IDV60801/IDV60801.94826.json,,
CAPE OTWAY,Cape Otway,http://www.bom.gov.au/fwo/IDV60801/IDV60801.94842.json,,
CARDWELL,Cardwell,http://www.bom.gov.au/fwo/IDQ60801/IDQ60801.94292.json,,
CARNARVON,Carnarvon,http://www.bom.gov.au/fwo/IDW60801/IDW60801.94300.json,-24.8878,113.67
CASINO,Casino,http://www.bom.gov.au/fwo/IDN60801/IDN60801.94573.json,,
CASTLEMAINE,Castlemaine,http://www.bom.gov.au/fwo/IDV60801/IDV60801.95853.json,,
CEDUNA,Ceduna,http://www.bom.gov.au/fwo/IDS60801/IDS60801.94653.json,,
CESSNOCK AIRPORT,Cessnock Airport,http://www.bom.gov.au/fwo/IDN60801/IDN60801.95771.json,,
CFS MOBILE A,CFS Mobile A,http://www.bom.gov.au/fwo/IDS60801/IDS60801.99058.json,,
CFS MOBILE B,CFS Mobile B,http://www.bom.gov.au/fwo/IDS60801/IDS60801.99059.json,,
CFS MOBILE C,CFS Mobile C,http://www.bom.gov.au/fwo/IDS60801/IDS60801.99060.json,,
CFS MOBILE E,CFS Mobile E,http://www.bom.gov.au/fwo/IDS60801/IDS60801.99061.json,,
CHARLEVILLE,Charleville,http://www.bom.gov.au/fwo/IDQ60801/IDQ60801.94510.json,-26.4139,146.2558
CHARLOTTE PASS,Charlotte Pass,http://www.bom.gov.au/fwo/IDN60801/IDN60801.95912.json,,
CHARTERS TOWERS,Charters Towers,http://www.bom.gov.au/fwo/IDQ60801/IDQ60801.94356.json,-20.0464,146.2708
CHRISTMAS CREEK,Christmas Creek,http://www.bom.gov.au/fwo/IDW60801/IDW60801.99737.json,,
CHRISTMAS ISLAND,Christmas Island,http://www.bom.gov.au/fwo/IDW60801/IDW60801.96995.json,-10.4528,105.6875
CLARE,Clare,http://www.bom.gov.au/fwo/IDS60801/IDS60801.95667.json,,
CLERMONT,Clermont,http://www.bom.gov.au/fwo/IDQ60801/IDQ60801.94359.json,-22.7756,147.6217
CLEVE AIRPORT,Cleve Airport,http://www.bom.gov.au/fwo/IDS60801/IDS60801.94662.json,-33.7011,136.4937
CLONCURRY,Cloncurry,http://www.bom.gov.au/fwo/IDQ60801/IDQ60801.94335.json,-20.6664,140.505
COBAR,Cobar,http://www.bom.gov.au/fwo/IDN60801/IDN60801.94711.json,,
COBAR AIRPORT,Cobar Airport,http://www.bom.gov.au/fwo/IDN60801/IDN60801.94710.json,,
COCOS ISLAND,Cocos Island,http://www.bom.gov.au/fwo/IDW60801/IDW60801.96996.json,-12.1892,96.8344
COLES POINT,Coles Point,http://www.bom.gov.au/fwo/IDS60801/IDS60801.94658.json,,
COLLARENEBRI,Collarenebri,http://www.bom.gov.au/fwo/IDN60801/IDN60801.95520.json,,
COLLINSVILLE,Collinsville,http://www.bom.gov.au/fwo/IDQ60801/IDQ60801.94360.json,,
COMBIENBAR,Combienbar,http://www.bom.gov.au/fwo/IDV60801/IDV60801.94914.json,-37.3417,149.0228
CONDOBOLIN AIRPORT,Condobolin Airport,http://www.bom.gov.au/fwo/IDN60801/IDN60801.95708.json,,
COOKTOWN,Cooktown,http://www.bom.gov.au/fwo/IDQ60801/IDQ60801.95283.json,-15.4461,145.1861
COOMA,Cooma,http://www.bom.gov.au/fwo/IDN60801/IDN60801.94923.json,,
COOMA AIRPORT,Cooma Airport,http://www.bom.gov.au/fwo/IDN60801/IDN60801.94921.json,,
COONABARABRAN,Coonabarabran,http://www.bom.gov.au/fwo/IDN60801/IDN60801.94728.json,,
COONABARABRAN AIRPORT,Coonabarabran Airport,http://www.bom.gov.au/fwo/IDN60801/IDN60801.95728.json,,
COONAMBLE,Coonamble,http://www.bom.gov.au/fwo/IDN60801/IDN60801.95718.json,,
COONDEWANNA,Coondewanna,http://www.bom.gov.au/fwo/IDW60801/IDW60801.99312.json,,
COOTAMUNDRA,Cootamundra,http://www.bom.gov.au/fwo/IDN60801/IDN60801.94714.json,-34.6299,148.0365
COROWA,Corowa,http://www.bom.gov.au/fwo/IDN60801/IDN60801.95895.json,-35.9887,146.3574
COWLEY BEACH (DEFENCE),Cowley Beach (Defence),http://www.bom.gov.au/fwo/IDQ60801/IDQ60801.99218.json,,
COWRA,Cowra,http://www.bom.gov.au/fwo/IDN60801/IDN60801.95721.json,,
CRANBOURNE,Cranbourne,http://www.bom.gov.au/fwo/IDV60801/IDV60801.94879.json,,
CRESSY,Cressy,http://www.bom.gov.au/fwo/IDT60801/IDT60801.95969.json,,
CROYDON,Croydon,http://www.bom.gov.au/fwo/IDQ60801/IDQ60801.94269.json,,
CUMMINS AIRPORT,Cummins Airport,http://www.bom.gov.au/fwo/IDS60801/IDS60801.95663.json,-34.2524,135.7135
CUNDERDIN,Cunderdin,http://www.bom.gov.au/fwo/IDW60801/IDW60801.94626.json,,
CUNDERDIN AIRPORT,Cunderdin Airport,http://www.bom.gov.au/fwo/IDW60801/IDW60801.95625.json,,
CUNNAMULLA,Cunnamulla,http://www.bom.gov.au/fwo/IDQ60801/IDQ60801.94500.json,,
CURTIN,Curtin,http://www.bom.gov.au/fwo/IDW60801/IDW60801.94204.json,-17.5769,123.8297
DALBY,Dalby,http://www.bom.gov.au/fwo/IDQ60801/IDQ60801.94542.json,-27.1605,151.2634
DALY WATERS,Daly Waters,http://www.bom.gov.au/fwo/IDD60801/IDD60801.94234.json,-16.2637,133.3782
DARWIN HARBOUR,Darwin Harbour,http://www.bom.gov.au/fwo/IDD60801/IDD60801.95122.json,,
DEGRUSSA AERODROME,Degrussa Aerodrome,http://www.bom.gov.au/fwo/IDW60801/IDW60801.99400.json,,
DELAMERE,Delamere,http://www.bom.gov.au/fwo/IDD60801/IDD60801.94225.json,,
DENILIQUIN,Deniliquin,http://www.bom.gov.au/fwo/IDN60801/IDN60801.95869.json,,
DERBY,Derby,http://www.bom.gov.au/fwo/IDW60801/IDW60801.95205.json,-17.3706,123.6611
DORRIGO,Dorrigo,http://www.bom.gov.au/fwo/IDN60801/IDN60801.94789.json,,
DOUBLE ISLAND  POINT,Double Island  Point,http://www.bom.gov.au/fwo/IDQ60901/IDQ60901.94584.json,,
DOUBLE ISLAND POINT,Double Island Point,http://www.bom.gov.au/fwo/IDQ60801/IDQ60801.94584.json,,
DROUGHTY HILL,Droughty Hill,http://www.bom.gov.au/fwo/IDT60901/IDT60901.99971.json,,
DUBBO,Dubbo,http://www.bom.gov.au/fwo/IDN60801/IDN60801.95719.json,,
DUM IN MIRRIE,Dum In Mirrie,http://www.bom.gov.au/fwo/IDD60801/IDD60801.94116.json,-12.635,130.3725
DUNALLEY,Dunalley,http://www.bom.gov.au/fwo/IDT60801/IDT60801.94951.json,,
DUNEDOO,Dunedoo,http://www.bom.gov.au/fwo/IDN60801/IDN60801.95727.json,,
DUNKELD,Dunkeld,http://www.bom.gov.au/fwo/IDV60801/IDV60801.99053.json,,
EAST SALE,East Sale,http://www.bom.gov.au/fwo/IDV60801/IDV60801.94907.json,-38.1156,147.1322
ECHUCA,Echuca,http://www.bom.gov.au/fwo/IDV60801/IDV60801.94861.json,,
ECKLIN SOUTH,Ecklin South,http://www.bom.gov.au/fwo/IDV60801/IDV60801.99054.json,,
EDENHOPE,Edenhope,http://www.bom.gov.au/fwo/IDV60801/IDV60801.95832.json,-37.0222,141.2657
EDINBURGH,Edinburgh,http://www.bom.gov.au/fwo/IDS60801/IDS60801.95676.json,,
EMERALD,Emerald,http://www.bom.gov.au/fwo/IDQ60801/IDQ60801.94363.json,-23.5694,148.1756
EMU CREEK,Emu Creek,http://www.bom.gov.au/fwo/IDW60801/IDW60801.94318.json,,
ENEABBA,Eneabba,http://www.bom.gov.au/fwo/IDW60801/IDW60801.94414.json,,
ERNABELLA/PUKATJA,Ernabella/Pukatja,http://www.bom.gov.au/fwo/IDD60801/IDD60801.94474.json,,
ESPERANCE AIRPORT,Esperance Airport,http://www.bom.gov.au/fwo/IDW60801/IDW60801.95638.json,-33.83,121.8925
ESPERANCE HARBOUR,Esperance Harbour,http://www.bom.gov.au/fwo/IDW60801/IDW60801.95648.json,,
EVANS HEAD,Evans Head,http://www.bom.gov.au/fwo/IDN60801/IDN60801.94598.json,,
FAWKNER BEACON,Fawkner Beacon,http://www.bom.gov.au/fwo/IDV60801/IDV60801.95872.json,,
FINGAL,Fingal,http://www.bom.gov.au/fwo/IDT60801/IDT60801.95974.json,,
FISH REEF,Fish Reef,http://www.bom.gov.au/fwo/IDD60801/IDD60801.94114.json,,
FITZROY CROSSING,Fitzroy Crossing,http://www.bom.gov.au/fwo/IDW60801/IDW60801.94206.json,-18.1814,125.5619
FORBES,Forbes,http://www.bom.gov.au/fwo/IDN60801/IDN60801.94715.json,,
FORSTER,Forster,http://www.bom.gov.au/fwo/IDN60801/IDN60801.95778.json,,
FORT DENISON,Fort Denison,http://www.bom.gov.au/fwo/IDN60801/IDN60801.94769.json,,
FORTESCUE DAVE FORREST,Fortescue Dave Forrest,http://www.bom.gov.au/fwo/IDW60801/IDW60801.99736.json,,
FOWLERS GAP,Fowlers Gap,http://www.bom.gov.au/fwo/IDN60801/IDN60801.94686.json,-31.0863,141.7008
FRANKSTON,Frankston,http://www.bom.gov.au/fwo/IDV60801/IDV60801.94871.json,-38.1481,145.1156
GABO ISLAND,Gabo Island,http://www.bom.gov.au/fwo/IDN60801/IDN60801.94933.json,,
GANNETT CAY,Gannett Cay,http://www.bom.gov.au/fwo/IDQ60801/IDQ60801.94379.json,,
GARDEN ISLAND,Garden Island,http://www.bom.gov.au/fwo/IDW60801/IDW60801.95607.json,,
GASCOYNE JUNCTION,Gascoyne Junction,http://www.bom.gov.au/fwo/IDW60801/IDW60801.94410.json,,
GATTON,Gatton,http://www.bom.gov.au/fwo/IDQ60801/IDQ60801.94562.json,,
GAYNDAH,Gayndah,http://www.bom.gov.au/fwo/IDQ60801/IDQ60801.95543.json,-25.6167,151.6156
GEELONG RACECOURSE,Geelong Racecourse,http://www.bom.gov.au/fwo/IDV60801/IDV60801.94857.json,,
GEEVESTON,Geeveston,http://www.bom.gov.au/fwo/IDT60801/IDT60801.94966.json,,
GEORGETOWN,Georgetown,http://www.bom.gov.au/fwo/IDQ60801/IDQ60801.94275.json,-18.3039,143.5306
GILES*,Giles*,http://www.bom.gov.au/fwo/IDD60801/IDD60801.94461.json,,
GINGIN AIRPORT,Gingin Airport,http://www.bom.gov.au/fwo/IDW60801/IDW60801.95612.json,-31.4628,115.8642
GIRILAMBONE,Girilambone,http://www.bom.gov.au/fwo/IDN60801/IDN60801.94794.json,,
GLADSTONE,Gladstone,http://www.bom.gov.au/fwo/IDQ60801/IDQ60801.94380.json,-23.8697,151.2214
GLEN INNES AIRPORT,Glen Innes Airport,http://www.bom.gov.au/fwo/IDN60801/IDN60801.94588.json,,
GLUEPOT,Gluepot,http://www.bom.gov.au/fwo/IDS60801/IDS60801.95668.json,,
GOONDIWINDI,Goondiwindi,http://www.bom.gov.au/fwo/IDN60801/IDN60801.94530.json,,
GOSFORD,Gosford,http://www.bom.gov.au/fwo/IDN60801/IDN60801.94782.json,-33.4351,151.3614
GOSNELLS,Gosnells,http://www.bom.gov.au/fwo/IDW60801/IDW60801.95604.json,,
GOULBURN,Goulburn,http://www.bom.gov.au/fwo/IDN60801/IDN60801.94716.json,,
GOULBURN AIRPORT,Goulburn Airport,http://www.bom.gov.au/fwo/IDN60801/IDN60801.95716.json,,
GRAFTON AIRPORT,Grafton Airport,http://www.bom.gov.au/fwo/IDN60801/IDN60801.95570.json,,
GRAFTON AGRS,Grafton AgRS,http://www.bom.gov.au/fwo/IDN60801/IDN60801.95571.json,,
GREEN CAPE,Green Cape,http://www.bom.gov.au/fwo/IDN60801/IDN60801.94934.json,-37.2622,150.0504
GRENFELL,Grenfell,http://www.bom.gov.au/fwo/IDN60801/IDN60801.94725.json,,
GRIFFITH,Griffith,http://www.bom.gov.au/fwo/IDN60801/IDN60801.95704.json,,
GROVE,Grove,http://www.bom.gov.au/fwo/IDT60801/IDT60801.95977.json,,
GULGONG,Gulgong,http://www.bom.gov.au/fwo/IDN60801/IDN60801.94732.json,,
GUNDAGAI,Gundagai,http://www.bom.gov.au/fwo/IDN60801/IDN60801.94890.json,,
GUNNEDAH,Gunnedah,http://www.bom.gov.au/fwo/IDN60801/IDN60801.94742.json,,
GUNNEDAH AIRPORT,Gunnedah Airport,http://www.bom.gov.au/fwo/IDN60801/IDN60801.95740.json,,
GUYRA,Guyra,http://www.bom.gov.au/fwo/IDN60801/IDN60801.94772.json,,
HALLS CREEK,Halls Creek,http://www.bom.gov.au/fwo/IDD60801/IDD60801.94212.json,-18.2336,127.6667
HAMILTON,Hamilton,http://www.bom.gov.au/fwo/IDV60801/IDV60801.94829.json,-37.6486,142.0636
HAMILTON ISLAND,Hamilton Island,http://www.bom.gov.au/fwo/IDQ60801/IDQ60801.94368.json,-20.3658,148.9536
HARTZ MOUNTAINS,Hartz Mountains,http://www.bom.gov.au/fwo/IDT60801/IDT60801.94977.json,,
HAY AIRPORT,Hay Airport,http://www.bom.gov.au/fwo/IDN60801/IDN60801.94702.json,,
HAY CSIRO,Hay CSIRO,http://www.bom.gov.au/fwo/IDN60801/IDN60801.94701.json,,
HAY POINT,Hay Point,http://www.bom.gov.au/fwo/IDQ60801/IDQ60801.99367.json,,
HERON ISLAND,Heron Island,http://www.bom.gov.au/fwo/IDQ60801/IDQ60801.94386.json,,
HERVEY BAY,Hervey Bay,http://www.bom.gov.au/fwo/IDQ60801/IDQ60801.95565.json,-25.322,152.8817
HEYWOOD,Heywood,http://www.bom.gov.au/fwo/IDV60801/IDV60801.94824.json,,
HIGH RANGE (WANGANDERRY),High Range (Wanganderry),http://www.bom.gov.au/fwo/IDN60801/IDN60801.99742.json,,
HILLARYS POINT BOAT HARBOUR,Hillarys Point Boat Harbour,http://www.bom.gov.au/fwo/IDW60801/IDW60801.95605.json,,
HILLSTON,Hillston,http://www.bom.gov.au/fwo/IDN60801/IDN60801.94700.json,-33.4915,145.5248
HINDMARSH ISLAND,Hindmarsh Island,http://www.bom.gov.au/fwo/IDS60801/IDS60801.94677.json,-35.5194,138.8177
HINZE DAM,Hinze Dam,http://www.bom.gov.au/fwo/IDQ60801/IDQ60801.94577.json,,
HOBART,Hobart,http://www.bom.gov.au/fwo/IDT60801/IDT60801.94970.json,-42.8339,147.5033
HOLSWORTHY,Holsworthy,http://www.bom.gov.au/fwo/IDN60801/IDN60801.95761.json,,
HORSHAM,Horsham,http://www.bom.gov.au/fwo/IDV60801/IDV60801.95834.json,,
HORSLEY PARK,Horsley Park,http://www.bom.gov.au/fwo/IDN60801/IDN60801.94760.json,,
HOWARD SPRINGS,Howard Springs,http://www.bom.gov.au/fwo/IDD60801/IDD60801.99518.json,,
HUGHENDEN,Hughenden,http://www.bom.gov.au/fwo/IDQ60801/IDQ60801.94343.json,-20.8192,144.2333
INGHAM,Ingham,http://www.bom.gov.au/fwo/IDQ60801/IDQ60801.95291.json,,
INGLEWOOD,Inglewood,http://www.bom.gov.au/fwo/IDQ60801/IDQ60801.95573.json,,
INJUNE,Injune,http://www.bom.gov.au/fwo/IDQ60801/IDQ60801.94511.json,,
INNER BEACON,Inner Beacon,http://www.bom.gov.au/fwo/IDQ60801/IDQ60801.94590.json,,
INNISFAIL AERO,Innisfail Aero,http://www.bom.gov.au/fwo/IDQ60801/IDQ60801.94280.json,-17.5249,146.0345
INVERELL,Inverell,http://www.bom.gov.au/fwo/IDN60801/IDN60801.95541.json,,
INVERELL RS,Inverell RS,http://www.bom.gov.au/fwo/IDN60801/IDN60801.94541.json,,
ISISFORD,Isisford,http://www.bom.gov.au/fwo/IDQ60801/IDQ60801.94345.json,,
IVANHOE AIRPORT,Ivanhoe Airport,http://www.bom.gov.au/fwo/IDN60801/IDN60801.95697.json,,
JABIRU,Jabiru,http://www.bom.gov.au/fwo/IDD60801/IDD60801.94137.json,-12.6592,132.894
JANDAKOT,Jandakot,http://www.bom.gov.au/fwo/IDW60801/IDW60801.94609.json,-32.1011,115.8794
JIMNA,Jimna,http://www.bom.gov.au/fwo/IDQ60801/IDQ60801.94557.json,,
JULIA CREEK,Julia Creek,http://www.bom.gov.au/fwo/IDQ60801/IDQ60801.94337.json,-20.6672,141.7214
KADINA,Kadina,http://www.bom.gov.au/fwo/IDS60801/IDS60801.94685.json,-33.9703,137.6628
KALGOORLIE-BOULDER,Kalgoorlie-Boulder,http://www.bom.gov.au/fwo/IDW60801/IDW60801.94637.json,-30.7847,121.4533
KARRATHA,Karratha,http://www.bom.gov.au/fwo/IDW60801/IDW60801.95307.json,-20.7097,116.7742
KATANNING RS,Katanning RS,http://www.bom.gov.au/fwo/IDW60801/IDW60801.94641.json,,
KATHERINE,Katherine,http://www.bom.gov.au/fwo/IDD60801/IDD60801.94132.json,,
KATOOMBA,Katoomba,http://www.bom.gov.au/fwo/IDN60801/IDN60801.94744.json,,
KEITH WEST,Keith West,http://www.bom.gov.au/fwo/IDS60801/IDS60801.95815.json,,
KEMPSEY AIRPORT,Kempsey Airport,http://www.bom.gov.au/fwo/IDN60801/IDN60801.94785.json,,
KHANCOBAN,Khancoban,http://www.bom.gov.au/fwo/IDN60801/IDN60801.94919.json,-36.2304,148.1405
KIAMA,Kiama,http://www.bom.gov.au/fwo/IDN60801/IDN60801.95749.json,,
KILMORE GAP,Kilmore Gap,http://www.bom.gov.au/fwo/IDV60801/IDV60801.94860.json,,
KIMBERELY,Kimberely,http://www.bom.gov.au/fwo/IDD60801/IDD60801.95215.json,,
KIMBERLEY RS,Kimberley RS,http://www.bom.gov.au/fwo/IDW60801/IDW60801.95215.json,,
KINGAROY,Kingaroy,http://www.bom.gov.au/fwo/IDQ60801/IDQ60801.94549.json,-26.5737,151.8398
KINGSCOTE,Kingscote,http://www.bom.gov.au/fwo/IDS60801/IDS60801.95807.json,-35.7114,137.5231
KOWANYAMA,Kowanyama,http://www.bom.gov.au/fwo/IDQ60801/IDQ60801.94268.json,-15.4818,141.7483
KUITPO,Kuitpo,http://www.bom.gov.au/fwo/IDS60801/IDS60801.94683.json,,
KUNANYI / MOUNT WELLINGTON,kunanyi / Mount Wellington,http://www.bom.gov.au/fwo/IDT60801/IDT60801.95979.json,,
KUNUNURRA AIRPORT,Kununurra Airport,http://www.bom.gov.au/fwo/IDD60801/IDD60801.94216.json,-15.7814,128.71
KURNELL,Kurnell,http://www.bom.gov.au/fwo/IDN60801/IDN60801.95756.json,,
LAJAMANU,Lajamanu,http://www.bom.gov.au/fwo/IDD60801/IDD60801.94231.json,-18.3324,130.6361
LAKE CARGELLIGO,Lake Cargelligo,http://www.bom.gov.au/fwo/IDN60801/IDN60801.95707.json,-33.2832,146.3706
LAKE DARTMOUTH,Lake Dartmouth,http://www.bom.gov.au/fwo/IDV60801/IDV60801.94888.json,,
LAKE JULIUS,Lake Julius,http://www.bom.gov.au/fwo/IDQ60801/IDQ60801.94348.json,-20.1167,139.7256
LAKE LEAKE,Lake Leake,http://www.bom.gov.au/fwo/IDT60801/IDT60801.94979.json,,
LAKE MACQUARIE - COORANBONG,Lake Macquarie - Cooranbong,http://www.bom.gov.au/fwo/IDN60801/IDN60801.95767.json,,
LAKE ST CLAIR,Lake St Clair,http://www.bom.gov.au/fwo/IDT60801/IDT60801.94976.json,,
LAKE VICTORIA,Lake Victoria,http://www.bom.gov.au/fwo/IDN60801/IDN60801.94692.json,,
LAKES ENTRANCE,Lakes Entrance,http://www.bom.gov.au/fwo/IDV60801/IDV60801.95904.json,,
LAMEROO AWS,Lameroo AWS,http://www.bom.gov.au/fwo/IDS60801/IDS60801.94690.json,,
LARRIMAH,Larrimah,http://www.bom.gov.au/fwo/IDD60801/IDD60801.94237.json,,
LATROBE VALLEY,Latrobe Valley,http://www.bom.gov.au/fwo/IDV60801/IDV60801.94891.json,,
LAUNCESTON,Launceston,http://www.bom.gov.au/fwo/IDT60801/IDT60801.94969.json,-41.5492,147.2144
LAVERTON,Laverton,http://www.bom.gov.au/fwo/IDV60801/IDV60801.94865.json,-28.6133,122.4236
LEARMONTH,Learmonth,http://www.bom.gov.au/fwo/IDW60801/IDW60801.94302.json,-22.2406,114.0967
LEE POINT,Lee Point,http://www.bom.gov.au/fwo/IDD60801/IDD60801.99519.json,,
LEIGH CREEK,Leigh Creek,http://www.bom.gov.au/fwo/IDS60801/IDS60801.94674.json,-30.5963,138.4219
LEINSTER,Leinster,http://www.bom.gov.au/fwo/IDW60801/IDW60801.95448.json,-27.8386,120.7031
LEONORA,Leonora,http://www.bom.gov.au/fwo/IDW60801/IDW60801.94448.json,-28.8789,121.3186
LEONORA AIRPORT,Leonora Airport,http://www.bom.gov.au/fwo/IDW60801/IDW60801.94450.json,-28.8789,121.3186
LIGHTNING RIDGE,Lightning Ridge,http://www.bom.gov.au/fwo/IDN60801/IDN60801.94498.json,,
LISMORE AIRPORT,Lismore Airport,http://www.bom.gov.au/fwo/IDN60801/IDN60801.94572.json,,
LITHGOW,Lithgow,http://www.bom.gov.au/fwo/IDN60801/IDN60801.94741.json,,
LITTLE BAY,Little Bay,http://www.bom.gov.au/fwo/IDN60801/IDN60801.94780.json,,
LIVERPOOL,Liverpool,http://www.bom.gov.au/fwo/IDN60901/IDN60901.95750.json,,
LOCKHART RIVER,Lockhart River,http://www.bom.gov.au/fwo/IDQ60801/IDQ60801.94186.json,-12.785,143.3047
LOGAN CITY,Logan City,http://www.bom.gov.au/fwo/IDQ60801/IDQ60801.95581.json,,
LOMBADINA,Lombadina,http://www.bom.gov.au/fwo/IDW60801/IDW60801.99206.json,,
LONGREACH,Longreach,http://www.bom.gov.au/fwo/IDQ60801/IDQ60801.94346.json,-23.4397,144.2828
LORD HOWE ISLAND,Lord Howe Island,http://www.bom.gov.au/fwo/IDN60801/IDN60801.94995.json,-31.5421,159.0786
LORD HOWE ISLAND WINDY POINT,Lord Howe Island Windy Point,http://www.bom.gov.au/fwo/IDN60801/IDN60801.95995.json,,
LOSTOCK,Lostock,http://www.bom.gov.au/fwo/IDN60801/IDN60801.95772.json,,
LOW ISLES,Low Isles,http://www.bom.gov.au/fwo/IDQ60801/IDQ60801.94285.json,,
LOXTON,Loxton,http://www.bom.gov.au/fwo/IDS60801/IDS60801.94682.json,,
LUCAS HEIGHTS,Lucas Heights,http://www.bom.gov.au/fwo/IDN60801/IDN60801.95757.json,,
LUCINDA,Lucinda,http://www.bom.gov.au/fwo/IDQ60801/IDQ60801.94295.json,,
LUNCHEON HILL,Luncheon Hill,http://www.bom.gov.au/fwo/IDT60801/IDT60801.95956.json,,
MAATSUYKER ISLAND,Maatsuyker Island,http://www.bom.gov.au/fwo/IDT60801/IDT60801.94962.json,,
MACKAY,Mackay,http://www.bom.gov.au/fwo/IDQ60801/IDQ60801.94367.json,-21.1706,149.1794
MACKAY AIRPORT,Mackay Airport,http://www.bom.gov.au/fwo/IDQ60801/IDQ60801.95367.json,-21.1706,149.1794
MACKAY RACECOURSE,Mackay Racecourse,http://www.bom.gov.au/fwo/IDQ60801/IDQ60801.94352.json,,
MACQUARIE ISLAND*,Macquarie Island*,http://www.bom.gov.au/fwo/IDT60803/IDT60803.94998.json,,
MAITLAND AIRPORT,Maitland Airport,http://www.bom.gov.au/fwo/IDN60801/IDN60801.94650.json,-34.3745,137.6733
MALENY,Maleny,http://www.bom.gov.au/fwo/IDQ60801/IDQ60801.94547.json,,
MANGALORE,Mangalore,http://www.bom.gov.au/fwo/IDV60801/IDV60801.94874.json,-36.8886,145.1859
MANGO FARM,Mango Farm,http://www.bom.gov.au/fwo/IDD60801/IDD60801.94117.json,,
MANGROVE MOUNTAIN,Mangrove Mountain,http://www.bom.gov.au/fwo/IDN60801/IDN60801.95774.json,-33.2894,151.2107
MANINGRIDA,Maningrida,http://www.bom.gov.au/fwo/IDD60801/IDD60801.94142.json,-12.0569,134.2339
MAREEBA,Mareeba,http://www.bom.gov.au/fwo/IDQ60801/IDQ60801.95286.json,-17.0704,145.4293
MARIA ISLAND,Maria Island,http://www.bom.gov.au/fwo/IDT60801/IDT60801.95988.json,,
MARLA,Marla,http://www.bom.gov.au/fwo/IDS60801/IDS60801.94477.json,,
MAROOCHYDORE,Maroochydore,http://www.bom.gov.au/fwo/IDQ60801/IDQ60801.94569.json,,
MARREE AIRPORT,Marree Airport,http://www.bom.gov.au/fwo/IDS60801/IDS60801.95480.json,-29.6587,138.0684
MAYDENA,Maydena,http://www.bom.gov.au/fwo/IDT60801/IDT60801.94963.json,,
MCARTHUR RIVER MINE,McArthur River Mine,http://www.bom.gov.au/fwo/IDD60801/IDD60801.94239.json,-16.4423,136.076
MEDINA,Medina,http://www.bom.gov.au/fwo/IDW60801/IDW60801.95608.json,,
MEEKATHARRA,Meekatharra,http://www.bom.gov.au/fwo/IDW60801/IDW60801.94430.json,-26.6136,118.5372
MELTON MOWBRAY,Melton Mowbray,http://www.bom.gov.au/fwo/IDT60801/IDT60801.94971.json,,
MELVILLE WATER,Melville Water,http://www.bom.gov.au/fwo/IDW60801/IDW60801.95620.json,,
MENINDEE,Menindee,http://www.bom.gov.au/fwo/IDN60801/IDN60801.94694.json,,
MERIMBULA,Merimbula,http://www.bom.gov.au/fwo/IDN60801/IDN60801.95929.json,,
MERRIWA,Merriwa,http://www.bom.gov.au/fwo/IDN60801/IDN60801.95754.json,,
MILDURA,Mildura,http://www.bom.gov.au/fwo/IDN60801/IDN60801.94693.json,-34.2358,142.0867
MILES,Miles,http://www.bom.gov.au/fwo/IDQ60801/IDQ60801.95529.json,,
MILINGIMBI,Milingimbi,http://www.bom.gov.au/fwo/IDD60801/IDD60801.94140.json,-12.0932,134.8919
MILLENDON (SWAN VALLEY),Millendon (Swan Valley),http://www.bom.gov.au/fwo/IDW60801/IDW60801.94795.json,,
MINLATON AIRPORT,Minlaton Airport,http://www.bom.gov.au/fwo/IDS60801/IDS60801.95659.json,-34.748,137.5276
MINNIPA RS,Minnipa RS,http://www.bom.gov.au/fwo/IDS60801/IDS60801.95662.json,,
MITCHELL,Mitchell,http://www.bom.gov.au/fwo/IDQ60801/IDQ60801.94514.json,,
MONTAGUE ISLAND,Montague Island,http://www.bom.gov.au/fwo/IDN60801/IDN60801.94939.json,,
MOORE REEF,Moore Reef,http://www.bom.gov.au/fwo/IDQ60801/IDQ60801.95290.json,,
MOREE,Moree,http://www.bom.gov.au/fwo/IDN60801/IDN60801.95527.json,-29.4898,149.8471
MORTLAKE,Mortlake,http://www.bom.gov.au/fwo/IDV60801/IDV60801.94840.json,,
MORUYA AIRPORT,Moruya Airport,http://www.bom.gov.au/fwo/IDN60801/IDN60801.95937.json,,
MORUYA HEADS,Moruya Heads,http://www.bom.gov.au/fwo/IDN60801/IDN60801.94937.json,,
MOSS VALE,Moss Vale,http://www.bom.gov.au/fwo/IDN60801/IDN60801.94746.json,-34.5253,150.4217
MOUNT BOYCE,Mount Boyce,http://www.bom.gov.au/fwo/IDN60801/IDN60801.94743.json,-33.6185,150.2741
MOUNT BUNDEY,Mount Bundey,http://www.bom.gov.au/fwo/IDD60801/IDD60801.99003.json,,
MOUNT CRAWFORD,Mount Crawford,http://www.bom.gov.au/fwo/IDS60801/IDS60801.94678.json,-34.7253,138.9278
MOUNT ELIZABETH,Mount Elizabeth,http://www.bom.gov.au/fwo/IDW60801/IDW60801.94211.json,,
MOUNT GAMBIER,Mount Gambier,http://www.bom.gov.au/fwo/IDS60801/IDS60801.94821.json,-37.7473,140.7739
MOUNT GELLIBRAND,Mount Gellibrand,http://www.bom.gov.au/fwo/IDV60801/IDV60801.95845.json,,
MOUNT GININI,Mount Ginini,http://www.bom.gov.au/fwo/IDN60801/IDN60801.95925.json,-35.5293,148.7721
MOUNT HOTHAM AIRPORT,Mount Hotham Airport,http://www.bom.gov.au/fwo/IDV60801/IDV60801.94905.json,-36.9767,147.1342
MOUNT ISA,Mount Isa,http://www.bom.gov.au/fwo/IDQ60801/IDQ60801.94332.json,-20.6778,139.4875
MOUNT KEITH,Mount Keith,http://www.bom.gov.au/fwo/IDW60801/IDW60801.99434.json,,
MOUNT MAGNET AIRPORT,Mount Magnet Airport,http://www.bom.gov.au/fwo/IDW60801/IDW60801.94429.json,-28.1156,117.8425
MOUNT SEAVIEW,Mount Seaview,http://www.bom.gov.au/fwo/IDN60801/IDN60801.94783.json,,
MOUNT WILLIAM,Mount William,http://www.bom.gov.au/fwo/IDV60801/IDV60801.94833.json,,
MT AVOCA,Mt Avoca,http://www.bom.gov.au/fwo/IDV60801/IDV60801.99051.json,,
MT CULLEN,Mt Cullen,http://www.bom.gov.au/fwo/IDT60801/IDT60801.99049.json,,
MT SELDOM SEEN,Mt Seldom Seen,http://www.bom.gov.au/fwo/IDV60801/IDV60801.99052.json,,
MUDGEE,Mudgee,http://www.bom.gov.au/fwo/IDN60801/IDN60801.94727.json,,
MUELLER RIDGE,Mueller Ridge,http://www.bom.gov.au/fwo/IDT60801/IDT60801.99975.json,,
MUNGINDI,Mungindi,http://www.bom.gov.au/fwo/IDN60801/IDN60801.94520.json,,
MURRAY BRIDGE,Murray Bridge,http://www.bom.gov.au/fwo/IDS60801/IDS60801.95812.json,,
MURRURUNDI,Murrurundi,http://www.bom.gov.au/fwo/IDN60801/IDN60801.94756.json,,
MURRURUNDI GAP,Murrurundi Gap,http://www.bom.gov.au/fwo/IDN60801/IDN60801.95747.json,-31.7416,150.7937
MURWILLUMBAH,Murwillumbah,http://www.bom.gov.au/fwo/IDN60801/IDN60801.94582.json,,
NAMBOUR,Nambour,http://www.bom.gov.au/fwo/IDQ60801/IDQ60801.95572.json,,
NARACOORTE,Naracoorte,http://www.bom.gov.au/fwo/IDS60801/IDS60801.94820.json,,
NAROOMA,Narooma,http://www.bom.gov.au/fwo/IDN60801/IDN60801.95935.json,,
NARRABRI,Narrabri,http://www.bom.gov.au/fwo/IDN60801/IDN60801.95734.json,,
NARRANDERA AIRPORT,Narrandera Airport,http://www.bom.gov.au/fwo/IDN60801/IDN60801.95706.json,,
NELSON BAY,Nelson Bay,http://www.bom.gov.au/fwo/IDN60801/IDN60801.95779.json,,
NERRIGA,Nerriga,http://www.bom.gov.au/fwo/IDN60801/IDN60801.94943.json,-35.1103,150.0826
NEWCASTLE NOBBYS,Newcastle Nobbys,http://www.bom.gov.au/fwo/IDN60801/IDN60801.94774.json,,
NEWDEGATE,Newdegate,http://www.bom.gov.au/fwo/IDW60801/IDW60801.94628.json,,
NEWMAN AIRPORT,Newman Airport,http://www.bom.gov.au/fwo/IDW60801/IDW60801.94317.json,-23.4167,119.7992
NGAYAWILI (ELCHO ISLAND),Ngayawili (Elcho Island),http://www.bom.gov.au/fwo/IDD60801/IDD60801.95146.json,,
NGUKURR,Ngukurr,http://www.bom.gov.au/fwo/IDD60801/IDD60801.94148.json,-14.7236,134.7456
NGUKURR AWS,Ngukurr AWS,http://www.bom.gov.au/fwo/IDD60801/IDD60801.94106.json,-14.7236,134.7456
NHILL,Nhill,http://www.bom.gov.au/fwo/IDV60801/IDV60801.95829.json,,
NO PORTABLE STATION,No Portable Station,http://www.bom.gov.au/fwo/IDT60801/IDT60801.99999.json,,
NOOJEE,Noojee,http://www.bom.gov.au/fwo/IDV60801/IDV60801.94880.json,,
NOONAMAH,Noonamah,http://www.bom.gov.au/fwo/IDD60801/IDD60801.94105.json,-12.6099,131.0474
NORAH HEAD,Norah Head,http://www.bom.gov.au/fwo/IDN60801/IDN60801.95770.json,-33.2814,151.5766
NORFOLK ISLAND,Norfolk Island,http://www.bom.gov.au/fwo/IDN60801/IDN60801.94996.json,-29.0389,167.9408
NORMAN REEF,Norman Reef,http://www.bom.gov.au/fwo/IDQ60801/IDQ60801.95287.json,,
NORMANTON,Normanton,http://www.bom.gov.au/fwo/IDQ60801/IDQ60801.94266.json,-17.6872,141.0733
NORSEMAN AIRPORT,Norseman Airport,http://www.bom.gov.au/fwo/IDW60801/IDW60801.95642.json,-32.2147,121.7547
NORTH HEAD,North Head,http://www.bom.gov.au/fwo/IDN60801/IDN60801.95768.json,,
NORTHEAST ISLAND,Northeast Island,http://www.bom.gov.au/fwo/IDD60801/IDD60801.94151.json,,
NOWRA,Nowra,http://www.bom.gov.au/fwo/IDN60801/IDN60801.94750.json,,
NULLO MOUNTAIN,Nullo Mountain,http://www.bom.gov.au/fwo/IDN60801/IDN60801.94754.json,-32.7244,150.229
NURIOOTPA,Nuriootpa,http://www.bom.gov.au/fwo/IDS60801/IDS60801.94681.json,,
NYNGAN,Nyngan,http://www.bom.gov.au/fwo/IDN60801/IDN60801.94708.json,-31.5495,147.1961
OAKEY,Oakey,http://www.bom.gov.au/fwo/IDQ60801/IDQ60801.94552.json,-27.4034,151.7413
OBERON,Oberon,http://www.bom.gov.au/fwo/IDN60801/IDN60801.95735.json,,
OCEAN REEF,Ocean Reef,http://www.bom.gov.au/fwo/IDW60801/IDW60801.94607.json,,
OENPELLI,Oenpelli,http://www.bom.gov.au/fwo/IDD60801/IDD60801.94138.json,-12.3272,133.0069
OODNADATTA,Oodnadatta,http://www.bom.gov.au/fwo/IDS60801/IDS60801.94476.json,-27.5553,135.4456
ORANGE AIRPORT,Orange Airport,http://www.bom.gov.au/fwo/IDN60801/IDN60801.95726.json,,
ORANGE AGIN,Orange AgIn,http://www.bom.gov.au/fwo/IDN60801/IDN60801.95725.json,,
ORFORD,Orford,http://www.bom.gov.au/fwo/IDT60801/IDT60801.95984.json,,
OUSE,Ouse,http://www.bom.gov.au/fwo/IDT60801/IDT60801.94957.json,,
OUTER HARBOR (BLACK POLE),Outer Harbor (Black Pole),http://www.bom.gov.au/fwo/IDS60801/IDS60801.95675.json,,
OUYEN,Ouyen,http://www.bom.gov.au/fwo/IDV60801/IDV60801.94831.json,,
PADTHAWAY,Padthaway,http://www.bom.gov.au/fwo/IDS60801/IDS60801.95823.json,,
PALLAMANA,Pallamana,http://www.bom.gov.au/fwo/IDS60801/IDS60801.95818.json,,
PANNAWONICA,Pannawonica,http://www.bom.gov.au/fwo/IDW60801/IDW60801.94314.json,,
PAPUNYA,Papunya,http://www.bom.gov.au/fwo/IDD60801/IDD60801.94322.json,,
PARABURDOO,Paraburdoo,http://www.bom.gov.au/fwo/IDW60801/IDW60801.94316.json,-23.1725,117.7494
PARAFIELD,Parafield,http://www.bom.gov.au/fwo/IDS60801/IDS60801.95677.json,-34.7977,138.6281
PARAWA WEST,Parawa West,http://www.bom.gov.au/fwo/IDS60801/IDS60801.94811.json,,
PARDOO,Pardoo,http://www.bom.gov.au/fwo/IDW60801/IDW60801.94311.json,,
PARKES AIRPORT,Parkes Airport,http://www.bom.gov.au/fwo/IDN60801/IDN60801.95717.json,,
PARNDANA,Parndana,http://www.bom.gov.au/fwo/IDS60801/IDS60801.94807.json,,
PARRAMATTA,Parramatta,http://www.bom.gov.au/fwo/IDN60801/IDN60801.94764.json,,
PEAK HILL,Peak Hill,http://www.bom.gov.au/fwo/IDN60801/IDN60801.94721.json,,
PEARCE,Pearce,http://www.bom.gov.au/fwo/IDW60801/IDW60801.94612.json,,
PENRITH,Penrith,http://www.bom.gov.au/fwo/IDN60801/IDN60801.94763.json,,
PERISHER VALLEY,Perisher Valley,http://www.bom.gov.au/fwo/IDN60801/IDN60801.94915.json,-36.4069,148.4055
PERTH,Perth,http://www.bom.gov.au/fwo/IDW60801/IDW60801.94608.json,-31.9275,115.9764
PHILLIP ISLAND,Phillip Island,http://www.bom.gov.au/fwo/IDV60801/IDV60801.94883.json,,
PIRLANGIMPI,Pirlangimpi,http://www.bom.gov.au/fwo/IDD60801/IDD60801.94119.json,-11.4021,130.4217
POINT HICKS,Point Hicks,http://www.bom.gov.au/fwo/IDV60801/IDV60801.94932.json,,
POINT PERPENDICULAR,Point Perpendicular,http://www.bom.gov.au/fwo/IDN60801/IDN60801.95940.json,,
POINT WILSON,Point Wilson,http://www.bom.gov.au/fwo/IDV60801/IDV60801.94847.json,,
POONCARIE,Pooncarie,http://www.bom.gov.au/fwo/IDN60801/IDN60801.95692.json,,
PORT AUGUSTA,Port Augusta,http://www.bom.gov.au/fwo/IDS60801/IDS60801.95666.json,-32.5073,137.7169
PORT FAIRY,Port Fairy,http://www.bom.gov.au/fwo/IDV60801/IDV60801.94830.json,-38.3906,142.2347
PORT HEDLAND,Port Hedland,http://www.bom.gov.au/fwo/IDW60801/IDW60801.94312.json,-20.3725,118.6317
PORT KEMBLA HARBOUR,Port Kembla Harbour,http://www.bom.gov.au/fwo/IDN60801/IDN60801.95745.json,,
PORT LINCOLN AIRPORT,Port Lincoln Airport,http://www.bom.gov.au/fwo/IDS60801/IDS60801.95661.json,,
PORT MACQUARIE AIRPORT,Port Macquarie Airport,http://www.bom.gov.au/fwo/IDN60801/IDN60801.94786.json,,
PORT PIRIE AIRPORT,Port Pirie Airport,http://www.bom.gov.au/fwo/IDS60801/IDS60801.95657.json,,
PORT PIRIE AIRPORT AWS,Port Pirie Airport AWS,http://www.bom.gov.au/fwo/IDS60801/IDS60801.99749.json,,
PORTABLE QFRA,PORTABLE QFRA,http://www.bom.gov.au/fwo/IDQ60801/IDQ60801.99082.json,,
PORTABLE QFRB,PORTABLE QFRB,http://www.bom.gov.au/fwo/IDQ60801/IDQ60801.99083.json,,
PORTABLE QFRC,PORTABLE QFRC,http://www.bom.gov.au/fwo/IDQ60801/IDQ60801.99084.json,,
PORTABLE QFRD,PORTABLE QFRD,http://www.bom.gov.au/fwo/IDQ60801/IDQ60801.99112.json,,
PORTABLE QFRE,PORTABLE QFRE,http://www.bom.gov.au/fwo/IDQ60801/IDQ60801.99113.json,,
PORTABLE QFRF,PORTABLE QFRF,http://www.bom.gov.au/fwo/IDQ60801/IDQ60801.99114.json,,
PORTABLE QFRG,PORTABLE QFRG,http://www.bom.gov.au/fwo/IDQ60801/IDQ60801.99115.json,,
PORTABLE QFRH,PORTABLE QFRH,http://www.bom.gov.au/fwo/IDQ60801/IDQ60801.99117.json,,
PORTABLE QFRI (INGLEWOOD),PORTABLE QFRI (Inglewood),http://www.bom.gov.au/fwo/IDQ60801/IDQ60801.99122.json,,
PORTABLE RFSNSW05,PORTABLE RFSNSW05,http://www.bom.gov.au/fwo/IDT60801/IDT60801.99108.json,,
PORTABLE RFSNSW06,PORTABLE RFSNSW06,http://www.bom.gov.au/fwo/IDT60801/IDT60801.99109.json,,
PORTLAND AIRPORT,Portland Airport,http://www.bom.gov.au/fwo/IDV60801/IDV60801.94828.json,,
PORTLAND HARBOUR,Portland Harbour,http://www.bom.gov.au/fwo/IDV60801/IDV60801.95826.json,,
PRINCES RANGE,Princes Range,http://www.bom.gov.au/fwo/IDT60801/IDT60801.99047.json,,
PROSERPINE,Proserpine,http://www.bom.gov.au/fwo/IDQ60801/IDQ60801.94365.json,-20.4925,148.555
PROSPECT,Prospect,http://www.bom.gov.au/fwo/IDN60801/IDN60801.94736.json,,
PROSPECT DAM,Prospect Dam,http://www.bom.gov.au/fwo/IDN60901/IDN60901.94736.json,,
QUIRINDI,Quirindi,http://www.bom.gov.au/fwo/IDN60801/IDN60801.95746.json,,
RAZORBACK,Razorback,http://www.bom.gov.au/fwo/IDT60801/IDT60801.99976.json,,
REDLANDS,Redlands,http://www.bom.gov.au/fwo/IDQ60801/IDQ60801.94597.json,,
REEFTON,Reefton,http://www.bom.gov.au/fwo/IDV60801/IDV60801.99049.json,,
RENMARK AIRPORT,Renmark Airport,http://www.bom.gov.au/fwo/IDS60801/IDS60801.95687.json,-34.1983,140.6766
RICHMOND,Richmond,http://www.bom.gov.au/fwo/IDN60801/IDN60801.95753.json,-20.7017,143.1167
RIVERVIEW,Riverview,http://www.bom.gov.au/fwo/IDN60901/IDN60901.95764.json,,
ROBE AIRPORT,Robe Airport,http://www.bom.gov.au/fwo/IDS60801/IDS60801.95816.json,-37.1628,139.756
ROCKHAMPTON,Rockhampton,http://www.bom.gov.au/fwo/IDQ60801/IDQ60801.94374.json,-23.3753,150.4775
ROCKY GULLY SOUTH,Rocky Gully South,http://www.bom.gov.au/fwo/IDW60801/IDW60801.94631.json,,
ROEBOURNE AIRPORT,Roebourne Airport,http://www.bom.gov.au/fwo/IDW60801/IDW60801.94308.json,-20.7594,117.1583
ROMA,Roma,http://www.bom.gov.au/fwo/IDQ60801/IDQ60801.94515.json,-26.5477,148.771
ROSEWORTHY,Roseworthy,http://www.bom.gov.au/fwo/IDS60801/IDS60801.95671.json,-34.5106,138.6763
ROSS,Ross,http://www.bom.gov.au/fwo/IDT60801/IDT60801.94985.json,,
ROSSLYN BAY HARBOUR,Rosslyn Bay Harbour,http://www.bom.gov.au/fwo/IDQ60801/IDQ60801.95298.json,,
ROXBY DOWNS,Roxby Downs,http://www.bom.gov.au/fwo/IDS60801/IDS60801.95658.json,,
RUTHERGLEN,Rutherglen,http://www.bom.gov.au/fwo/IDV60801/IDV60801.95837.json,,
SALMON GUMS RS,Salmon Gums RS,http://www.bom.gov.au/fwo/IDW60801/IDW60801.95639.json,,
SAMUEL HILL,Samuel Hill,http://www.bom.gov.au/fwo/IDQ60801/IDQ60801.94370.json,-22.7433,150.6578
SANDY CAPE,Sandy Cape,http://www.bom.gov.au/fwo/IDQ60801/IDQ60801.94390.json,,
SAVAGE RIVER MINE,Savage River Mine,http://www.bom.gov.au/fwo/IDT60801/IDT60801.99050.json,,
SCHERGER,Scherger,http://www.bom.gov.au/fwo/IDQ60801/IDQ60801.94171.json,,
SCONE,Scone,http://www.bom.gov.au/fwo/IDN60801/IDN60801.94738.json,,
SCONE AIRPORT,Scone Airport,http://www.bom.gov.au/fwo/IDN60801/IDN60801.95758.json,,
SCORESBY,Scoresby,http://www.bom.gov.au/fwo/IDV60801/IDV60801.95867.json,,
SCOTTS PEAK,Scotts Peak,http://www.bom.gov.au/fwo/IDT60801/IDT60801.95958.json,,
SCOTTSDALE,Scottsdale,http://www.bom.gov.au/fwo/IDT60801/IDT60801.94972.json,,
SELLICKS HILL,Sellicks Hill,http://www.bom.gov.au/fwo/IDS60801/IDS60801.95679.json,,
SHAY GAP,Shay Gap,http://www.bom.gov.au/fwo/IDW60801/IDW60801.99311.json,,
SHEFFIELD,Sheffield,http://www.bom.gov.au/fwo/IDT60801/IDT60801.94955.json,,
SHEPPARTON,Shepparton,http://www.bom.gov.au/fwo/IDV60801/IDV60801.94875.json,-36.4289,145.3947
SINGLETON,Singleton,http://www.bom.gov.au/fwo/IDN60801/IDN60801.94733.json,,
SINGLETON (DEFENCE),Singleton (Defence),http://www.bom.gov.au/fwo/IDN60801/IDN60801.99738.json,,
SMITHTON,Smithton,http://www.bom.gov.au/fwo/IDT60801/IDT60801.94953.json,,
SMOKY CAPE,Smoky Cape,http://www.bom.gov.au/fwo/IDN60801/IDN60801.94790.json,,
SNOWTOWN,Snowtown,http://www.bom.gov.au/fwo/IDS60801/IDS60801.95670.json,,
SOLOMON AIRPORT,Solomon Airport,http://www.bom.gov.au/fwo/IDW60801/IDW60801.99217.json,,
SOUTH CHANNEL ISLAND,South Channel Island,http://www.bom.gov.au/fwo/IDV60801/IDV60801.94853.json,,
SOUTH JOHNSTONE,South Johnstone,http://www.bom.gov.au/fwo/IDQ60801/IDQ60801.95292.json,,
SOUTHERN CROSS,Southern Cross,http://www.bom.gov.au/fwo/IDW60801/IDW60801.94634.json,,
SOUTHERN CROSS AIRPORT,Southern Cross Airport,http://www.bom.gov.au/fwo/IDW60801/IDW60801.95634.json,,
SPITFIRE CHANNEL,Spitfire Channel,http://www.bom.gov.au/fwo/IDQ60801/IDQ60801.94581.json,,
SPRING BAY,Spring Bay,http://www.bom.gov.au/fwo/IDT60801/IDT60801.95987.json,,
SPRINGSURE,Springsure,http://www.bom.gov.au/fwo/IDQ60801/IDQ60801.95362.json,,
SPRINGWOOD,Springwood,http://www.bom.gov.au/fwo/IDN60801/IDN60801.95744.json,,
ST GEORGE,St George,http://www.bom.gov.au/fwo/IDQ60801/IDQ60801.94517.json,-28.0489,148.5942
ST HELENS,St Helens,http://www.bom.gov.au/fwo/IDT60801/IDT60801.95981.json,,
ST KILDA HARBOUR RMYS,St Kilda Harbour RMYS,http://www.bom.gov.au/fwo/IDV60801/IDV60801.95864.json,,
STANTHORPE,Stanthorpe,http://www.bom.gov.au/fwo/IDQ60801/IDQ60801.94550.json,,
STAWELL,Stawell,http://www.bom.gov.au/fwo/IDV60801/IDV60801.94836.json,,
STRAHAN,Strahan,http://www.bom.gov.au/fwo/IDT60801/IDT60801.94956.json,,
STRATHALBYN,Strathalbyn,http://www.bom.gov.au/fwo/IDS60801/IDS60801.94814.json,,
STRATHGORDON,Strathgordon,http://www.bom.gov.au/fwo/IDT60801/IDT60801.95953.json,,
SWAN HILL,Swan Hill,http://www.bom.gov.au/fwo/IDN60801/IDN60801.94843.json,,
SWANSEA,Swansea,http://www.bom.gov.au/fwo/IDT60801/IDT60801.94981.json,,
SYDNEY AIRPORT,Sydney Airport,http://www.bom.gov.au/fwo/IDN60801/IDN60801.94767.json,,
SYDNEY - OBSERVATORY HILL,Sydney - Observatory Hill,http://www.bom.gov.au/fwo/IDN60801/IDN60801.94768.json,,
SYDNEY HARBOUR,Sydney Harbour,http://www.bom.gov.au/fwo/IDN60801/IDN60801.95766.json,,
SYDNEY OLYMPIC PARK,Sydney Olympic Park,http://www.bom.gov.au/fwo/IDN60801/IDN60801.95765.json,,
TABULAM,Tabulam,http://www.bom.gov.au/fwo/IDN60801/IDN60801.94587.json,,
TAMBO,Tambo,http://www.bom.gov.au/fwo/IDQ60801/IDQ60801.94355.json,,
TAMWORTH AIRPORT,Tamworth Airport,http://www.bom.gov.au/fwo/IDN60801/IDN60801.95762.json,,
TARALGA,Taralga,http://www.bom.gov.au/fwo/IDN60801/IDN60801.94735.json,,
TARCOOLA,Tarcoola,http://www.bom.gov.au/fwo/IDS60801/IDS60801.94655.json,-30.7051,134.5786
TAREE AIRPORT,Taree Airport,http://www.bom.gov.au/fwo/IDN60801/IDN60801.95784.json,,
TAROOM,Taroom,http://www.bom.gov.au/fwo/IDQ60801/IDQ60801.94525.json,,
TATURA,Tatura,http://www.bom.gov.au/fwo/IDV60801/IDV60801.95836.json,,
TELFER,Telfer,http://www.bom.gov.au/fwo/IDW60801/IDW60801.94319.json,-21.7125,122.2281
TEMORA,Temora,http://www.bom.gov.au/fwo/IDN60801/IDN60801.95722.json,-34.4277,147.5117
TENNANT CREEK,Tennant Creek,http://www.bom.gov.au/fwo/IDD60801/IDD60801.94238.json,-19.6423,134.1833
TENTERFIELD,Tenterfield,http://www.bom.gov.au/fwo/IDN60801/IDN60801.94556.json,,
TERREY HILLS,Terrey Hills,http://www.bom.gov.au/fwo/IDN60801/IDN60801.94759.json,-33.6908,151.2253
TEWANTIN,Tewantin,http://www.bom.gov.au/fwo/IDQ60801/IDQ60801.94570.json,,
TEXAS,Texas,http://www.bom.gov.au/fwo/IDQ60801/IDQ60801.95533.json,,
THARGOMINDAH,Thargomindah,http://www.bom.gov.au/fwo/IDQ60801/IDQ60801.95492.json,-27.9867,143.815
THE MONUMENT,The Monument,http://www.bom.gov.au/fwo/IDQ60801/IDQ60801.94336.json,-21.8125,139.9267
THEVENARD,Thevenard,http://www.bom.gov.au/fwo/IDS60801/IDS60801.95653.json,,
THREDBO TOP STATION,Thredbo Top Station,http://www.bom.gov.au/fwo/IDN60801/IDN60801.95909.json,,
THURSDAY ISLAND,Thursday Island,http://www.bom.gov.au/fwo/IDQ60801/IDQ60801.94181.json,,
TIDBINBILLA,Tidbinbilla,http://www.bom.gov.au/fwo/IDN60903/IDN60903.94922.json,,
TIMBER CREEK,Timber Creek,http://www.bom.gov.au/fwo/IDD60801/IDD60801.94220.json,,
TINDAL,Tindal,http://www.bom.gov.au/fwo/IDD60801/IDD60801.94131.json,,
TOCAL,Tocal,http://www.bom.gov.au/fwo/IDN60801/IDN60801.94775.json,,
TOCUMWAL,Tocumwal,http://www.bom.gov.au/fwo/IDN60801/IDN60801.94877.json,-35.817,145.6004
TOM PRICE,Tom Price,http://www.bom.gov.au/fwo/IDW60801/IDW60801.95316.json,,
TOOLARA,Toolara,http://www.bom.gov.au/fwo/IDQ60801/IDQ60801.94558.json,,
TOORAK,Toorak,http://www.bom.gov.au/fwo/IDQ60801/IDQ60801.94270.json,,
TOOWOOMBA,Toowoomba,http://www.bom.gov.au/fwo/IDQ60801/IDQ60801.95551.json,-27.5425,151.9134
TOWNSVILLE,Townsville,http://www.bom.gov.au/fwo/IDQ60801/IDQ60801.94294.json,-19.2483,146.7661
TRANGIE,Trangie,http://www.bom.gov.au/fwo/IDN60801/IDN60801.95710.json,,
TREPELL,Trepell,http://www.bom.gov.au/fwo/IDQ60801/IDQ60801.94338.json,-21.84,140.8925
TUGGERANONG,Tuggeranong,http://www.bom.gov.au/fwo/IDN60801/IDN60801.94925.json,,
TUMBARUMBA,Tumbarumba,http://www.bom.gov.au/fwo/IDN60801/IDN60801.94918.json,,
TUNNACK,Tunnack,http://www.bom.gov.au/fwo/IDT60801/IDT60801.94960.json,,
TURRETFIELD,Turretfield,http://www.bom.gov.au/fwo/IDS60801/IDS60801.95674.json,,
ULLADULLA,Ulladulla,http://www.bom.gov.au/fwo/IDN60801/IDN60801.94938.json,-35.3635,150.4828
UPPER RUSSELL,Upper Russell,http://www.bom.gov.au/fwo/IDT60801/IDT60801.99977.json,,
URANDANGI,Urandangi,http://www.bom.gov.au/fwo/IDQ60801/IDQ60801.94344.json,,
VICTOR HARBOR,Victor Harbor,http://www.bom.gov.au/fwo/IDS60801/IDS60801.95811.json,,
VICTORIA PORTABLE H,Victoria Portable H,http://www.bom.gov.au/fwo/IDV60801/IDV60801.99050.json,,
VICTORIAN PORTABLE L,Victorian Portable L,http://www.bom.gov.au/fwo/IDV60801/IDV60801.99066.json,,
WADEYE (PORT KEATS),Wadeye (Port Keats),http://www.bom.gov.au/fwo/IDD60801/IDD60801.95111.json,,
WAGGA WAGGA,Wagga Wagga,http://www.bom.gov.au/fwo/IDN60801/IDN60801.94910.json,,
WALGETT,Walgett,http://www.bom.gov.au/fwo/IDN60801/IDN60801.95715.json,,
WALPEUP,Walpeup,http://www.bom.gov.au/fwo/IDV60801/IDV60801.95831.json,,
WALPOLE NORTH,Walpole North,http://www.bom.gov.au/fwo/IDW60801/IDW60801.95647.json,,
WANAARING,Wanaaring,http://www.bom.gov.au/fwo/IDN60801/IDN60801.94497.json,,
WANGARATTA,Wangaratta,http://www.bom.gov.au/fwo/IDV60801/IDV60801.94889.json,-36.4206,146.3056
WARBURTO POINT,Warburto Point,http://www.bom.gov.au/fwo/IDS60801/IDS60801.94666.json,,
WARBURTON,Warburton,http://www.bom.gov.au/fwo/IDD60801/IDD60801.94457.json,,
WARRACKNABEAL,Warracknabeal,http://www.bom.gov.au/fwo/IDV60801/IDV60801.94841.json,,
WARRACKNABEAL AIRPORT,Warracknabeal Airport,http://www.bom.gov.au/fwo/IDV60801/IDV60801.94920.json,,
WARRAGUL (NILMA NORTH),Warragul (Nilma North),http://www.bom.gov.au/fwo/IDV60801/IDV60801.99806.json,,
WARRNAMBOOL,Warrnambool,http://www.bom.gov.au/fwo/IDV60801/IDV60801.94837.json,,
WARRUWI,Warruwi,http://www.bom.gov.au/fwo/IDD60801/IDD60801.94139.json,-11.65,133.3797
WATTAMOLLA,Wattamolla,http://www.bom.gov.au/fwo/IDN60801/IDN60801.95752.json,,
WAVE HILL (KALKARINDJI),Wave Hill (Kalkarindji),http://www.bom.gov.au/fwo/IDD60801/IDD60801.94229.json,,
WEEAPROINAH,Weeaproinah,http://www.bom.gov.au/fwo/IDV60801/IDV60801.95855.json,,
WEIPA,Weipa,http://www.bom.gov.au/fwo/IDQ60801/IDQ60801.94170.json,-12.6778,141.9208
WELLCAMP AIRPORT,Wellcamp Airport,http://www.bom.gov.au/fwo/IDQ60801/IDQ60801.99435.json,,
WELLINGTON,Wellington,http://www.bom.gov.au/fwo/IDN60801/IDN60801.94723.json,,
WEST WYALONG,West Wyalong,http://www.bom.gov.au/fwo/IDN60801/IDN60801.95709.json,,
WHITE CLIFFS,White Cliffs,http://www.bom.gov.au/fwo/IDN60801/IDN60801.94699.json,-30.8522,143.0743
WHYALLA,Whyalla,http://www.bom.gov.au/fwo/IDS60801/IDS60801.95664.json,-33.0539,137.5206
WILCANNIA AIRPORT,Wilcannia Airport,http://www.bom.gov.au/fwo/IDN60801/IDN60801.95695.json,,
WILLIAMTOWN,Williamtown,http://www.bom.gov.au/fwo/IDN60801/IDN60801.94776.json,,
WILLOW GROVE,Willow Grove,http://www.bom.gov.au/fwo/IDV60801/IDV60801.94900.json,,
WILSONS PROMONTORY,Wilsons Promontory,http://www.bom.gov.au/fwo/IDV60801/IDV60801.94893.json,,
WINDORAH,Windorah,http://www.bom.gov.au/fwo/IDQ60801/IDQ60801.94489.json,-25.4117,142.6647
WINTON,Winton,http://www.bom.gov.au/fwo/IDQ60801/IDQ60801.94342.json,-22.3617,143.0836
WOLLOGORANG,Wollogorang,http://www.bom.gov.au/fwo/IDD60801/IDD60801.94258.json,,
WOLLONGONG UNIVERSITY,Wollongong University,http://www.bom.gov.au/fwo/IDN60801/IDN60801.94748.json,,
WONGAN HILLS RS,Wongan Hills RS,http://www.bom.gov.au/fwo/IDW60801/IDW60801.95601.json,,
WOOLBROOK,Woolbrook,http://www.bom.gov.au/fwo/IDN60801/IDN60801.94792.json,,
WOOMERA,Woomera,http://www.bom.gov.au/fwo/IDS60801/IDS60801.94659.json,,
WUDINNA AIRPORT,Wudinna Airport,http://www.bom.gov.au/fwo/IDS60801/IDS60801.95654.json,-33.043,135.4519
WULUNGURRU (KINTORE),Wulungurru (Kintore),http://www.bom.gov.au/fwo/IDD60801/IDD60801.94321.json,,
WYE RIVER,Wye River,http://www.bom.gov.au/fwo/IDV60801/IDV60801.99900.json,,
WYE RIVER 2,Wye River 2,http://www.bom.gov.au/fwo/IDV60801/IDV60801.99047.json,,
WYNDHAM,Wyndham,http://www.bom.gov.au/fwo/IDD60801/IDD60801.94214.json,-15.51,128.1503
WYNDHAM AIRPORT,Wyndham Airport,http://www.bom.gov.au/fwo/IDD60801/IDD60801.95214.json,-15.51,128.1503
WYNYARD,Wynyard,http://www.bom.gov.au/fwo/IDT60801/IDT60801.95957.json,-40.9964,145.7311
YAMBA,Yamba,http://www.bom.gov.au/fwo/IDN60801/IDN60801.94589.json,,
YANAKIE,Yanakie,http://www.bom.gov.au/fwo/IDV60801/IDV60801.94911.json,,
YANAKIE (SOUTH OF PARK ENTRANCE),Yanakie (South of Park Entrance),http://www.bom.gov.au/fwo/IDV60801/IDV60801.99048.json,,
YANCO,Yanco,http://www.bom.gov.au/fwo/IDN60801/IDN60801.95705.json,,
YASS,Yass,http://www.bom.gov.au/fwo/IDN60801/IDN60801.95723.json,,
YEPPOON,Yeppoon,http://www.bom.gov.au/fwo/IDQ60801/IDQ60801.94373.json,,
YOUNG,Young,http://www.bom.gov.au/fwo/IDN60801/IDN60801.94712.json,-34.2493,148.2475
YUENDUMU,Yuendumu,http://www.bom.gov.au/fwo/IDD60801/IDD60801.94324.json,,
YULARA,Yulara,http://www.bom.gov.au/fwo/IDD60801/IDD60801.94462.json,-25.1896,130.9737
YUNTA,Yunta,http://www.bom.gov.au/fwo/IDS60801/IDS60801.94684.json,-32.5707,139.5645
