name,url,xx,row_id,xx_diff,dup_url,url_ok
Kalumburu,http://www.bom.gov.au/fwo/IDD60801/IDD60801.94100.json,94100,1,,FALSE,TRUE
Troughton Island,http://www.bom.gov.au/fwo/IDD60801/IDD60801.94102.json,94102,3,2,FALSE,TRUE
Noonamah,http://www.bom.gov.au/fwo/IDD60801/IDD60801.94105.json,94105,5,3,FALSE,TRUE
Ngukurr AWS,http://www.bom.gov.au/fwo/IDD60801/IDD60801.94106.json,94106,7,1,FALSE,TRUE
Croker Island Airport,http://www.bom.gov.au/fwo/IDD60801/IDD60801.94108.json,94108,9,2,FALSE,TRUE
Murganella Airstrip,http://www.bom.gov.au/fwo/IDD60801/IDD60801.94109.json,94109,11,1,FALSE,TRUE
Oenpelli Airport,http://www.bom.gov.au/fwo/IDD60801/IDD60801.94110.json,94110,13,1,FALSE,TRUE
Fish Reef,http://www.bom.gov.au/fwo/IDD60801/IDD60801.94114.json,94114,15,4,FALSE,TRUE
Dum In Mirrie,http://www.bom.gov.au/fwo/IDD60801/IDD60801.94116.json,94116,17,2,FALSE,TRUE
Mango Farm,http://www.bom.gov.au/fwo/IDD60801/IDD60801.94117.json,94117,19,1,FALSE,TRUE
Pirlangimpi,http://www.bom.gov.au/fwo/IDD60801/IDD60801.94119.json,94119,21,2,FALSE,TRUE
Darwin Airport,http://www.bom.gov.au/fwo/IDD60801/IDD60801.94120.json,94120,23,1,FALSE,TRUE
Channel Point,http://www.bom.gov.au/fwo/IDD60801/IDD60801.94121.json,94121,25,1,FALSE,TRUE
Point Fawcett,http://www.bom.gov.au/fwo/IDD60801/IDD60801.94122.json,94122,27,1,FALSE,TRUE
Batchelor,http://www.bom.gov.au/fwo/IDD60801/IDD60801.94125.json,94125,29,3,FALSE,TRUE
Point Stuart,http://www.bom.gov.au/fwo/IDD60801/IDD60801.94127.json,94127,31,2,FALSE,TRUE
Douglas River,http://www.bom.gov.au/fwo/IDD60801/IDD60801.94128.json,94128,33,1,FALSE,TRUE
Cape Don,http://www.bom.gov.au/fwo/IDD60801/IDD60801.94129.json,94129,35,1,FALSE,TRUE
Bradshaw,http://www.bom.gov.au/fwo/IDD60801/IDD60801.94130.json,94130,37,1,FALSE,TRUE
Tindal,http://www.bom.gov.au/fwo/IDD60801/IDD60801.94131.json,94131,39,1,FALSE,TRUE
Katherine,http://www.bom.gov.au/fwo/IDD60801/IDD60801.94132.json,94132,41,1,FALSE,TRUE
Black Point,http://www.bom.gov.au/fwo/IDD60801/IDD60801.94134.json,94134,43,2,FALSE,TRUE
McCluer Island,http://www.bom.gov.au/fwo/IDD60801/IDD60801.94135.json,94135,45,1,FALSE,TRUE
Jabiru,http://www.bom.gov.au/fwo/IDD60801/IDD60801.94137.json,94137,47,2,FALSE,TRUE
Oenpelli,http://www.bom.gov.au/fwo/IDD60801/IDD60801.94138.json,94138,49,1,FALSE,TRUE
Warruwi,http://www.bom.gov.au/fwo/IDD60801/IDD60801.94139.json,94139,50,1,FALSE,TRUE
Milingimbi,http://www.bom.gov.au/fwo/IDD60801/IDD60801.94140.json,94140,52,1,FALSE,TRUE
Central Arnhem Plateau,http://www.bom.gov.au/fwo/IDD60801/IDD60801.94141.json,94141,54,1,FALSE,TRUE
Maningrida,http://www.bom.gov.au/fwo/IDD60801/IDD60801.94142.json,94142,56,1,FALSE,TRUE
Bulman,http://www.bom.gov.au/fwo/IDD60801/IDD60801.94143.json,94143,58,1,FALSE,TRUE
Cape Wessel,http://www.bom.gov.au/fwo/IDD60801/IDD60801.94147.json,94147,60,4,FALSE,TRUE
Ngukurr,http://www.bom.gov.au/fwo/IDD60801/IDD60801.94148.json,94148,62,1,FALSE,TRUE
Alyangula,http://www.bom.gov.au/fwo/IDD60801/IDD60801.94149.json,94149,63,1,FALSE,TRUE
Gove Airport,http://www.bom.gov.au/fwo/IDD60801/IDD60801.94150.json,94150,64,1,FALSE,TRUE
Northeast Island,http://www.bom.gov.au/fwo/IDD60801/IDD60801.94151.json,94151,66,1,FALSE,TRUE
Borroloola,http://www.bom.gov.au/fwo/IDD60801/IDD60801.94152.json,94152,67,1,FALSE,TRUE
Groote Eylandt Airport,http://www.bom.gov.au/fwo/IDD60801/IDD60801.94153.json,94153,69,1,FALSE,TRUE
Halls Creek,http://www.bom.gov.au/fwo/IDD60801/IDD60801.94212.json,94212,71,59,FALSE,TRUE
Wyndham,http://www.bom.gov.au/fwo/IDD60801/IDD60801.94214.json,94214,73,2,FALSE,TRUE
Kununurra Airport,http://www.bom.gov.au/fwo/IDD60801/IDD60801.94216.json,94216,74,2,FALSE,TRUE
Argyle,http://www.bom.gov.au/fwo/IDD60801/IDD60801.94217.json,94217,76,1,FALSE,TRUE
Timber Creek,http://www.bom.gov.au/fwo/IDD60801/IDD60801.94220.json,94220,78,3,FALSE,TRUE
Delamere,http://www.bom.gov.au/fwo/IDD60801/IDD60801.94225.json,94225,80,5,FALSE,TRUE
Wave Hill (Kalkarindji),http://www.bom.gov.au/fwo/IDD60801/IDD60801.94229.json,94229,82,4,FALSE,TRUE
Lajamanu,http://www.bom.gov.au/fwo/IDD60801/IDD60801.94231.json,94231,84,2,FALSE,TRUE
Victoria River Downs,http://www.bom.gov.au/fwo/IDD60801/IDD60801.94232.json,94232,86,1,FALSE,TRUE
Daly Waters,http://www.bom.gov.au/fwo/IDD60801/IDD60801.94234.json,94234,88,2,FALSE,TRUE
Elliott,http://www.bom.gov.au/fwo/IDD60801/IDD60801.94236.json,94236,90,2,FALSE,TRUE
Larrimah,http://www.bom.gov.au/fwo/IDD60801/IDD60801.94237.json,94237,92,1,FALSE,TRUE
Tennant Creek,http://www.bom.gov.au/fwo/IDD60801/IDD60801.94238.json,94238,94,1,FALSE,TRUE
McArthur River Mine,http://www.bom.gov.au/fwo/IDD60801/IDD60801.94239.json,94239,96,1,FALSE,TRUE
Brunette Downs,http://www.bom.gov.au/fwo/IDD60801/IDD60801.94242.json,94242,98,3,FALSE,TRUE
Centre Island,http://www.bom.gov.au/fwo/IDD60801/IDD60801.94248.json,94248,100,6,FALSE,TRUE
Camooweal,http://www.bom.gov.au/fwo/IDD60801/IDD60801.94255.json,94255,102,7,FALSE,TRUE
Wollogorang,http://www.bom.gov.au/fwo/IDD60801/IDD60801.94258.json,94258,104,3,FALSE,TRUE
Wulungurru (Kintore),http://www.bom.gov.au/fwo/IDD60801/IDD60801.94321.json,94321,106,63,FALSE,TRUE
Papunya,http://www.bom.gov.au/fwo/IDD60801/IDD60801.94322.json,94322,108,1,FALSE,TRUE
Watarrka,http://www.bom.gov.au/fwo/IDD60801/IDD60801.94323.json,94323,110,1,FALSE,TRUE
Yuendumu,http://www.bom.gov.au/fwo/IDD60801/IDD60801.94324.json,94324,112,1,FALSE,TRUE
Ali Curung,http://www.bom.gov.au/fwo/IDD60801/IDD60801.94325.json,94325,114,1,FALSE,TRUE
Alice Springs Airport,http://www.bom.gov.au/fwo/IDD60801/IDD60801.94326.json,94326,116,1,FALSE,TRUE
Jervois,http://www.bom.gov.au/fwo/IDD60801/IDD60801.94327.json,94327,118,1,FALSE,TRUE
Territory Grape Farm,http://www.bom.gov.au/fwo/IDD60801/IDD60801.94328.json,94328,120,1,FALSE,TRUE
Warburton,http://www.bom.gov.au/fwo/IDD60801/IDD60801.94457.json,94457,122,129,FALSE,TRUE
Giles*,http://www.bom.gov.au/fwo/IDD60801/IDD60801.94461.json,94461,124,4,FALSE,TRUE
Yulara,http://www.bom.gov.au/fwo/IDD60801/IDD60801.94462.json,94462,126,1,FALSE,TRUE
Curtin Springs,http://www.bom.gov.au/fwo/IDD60801/IDD60801.94463.json,94463,129,1,FALSE,TRUE
Kulgera,http://www.bom.gov.au/fwo/IDD60801/IDD60801.94466.json,94466,131,3,FALSE,TRUE
Ernabella/Pukatja,http://www.bom.gov.au/fwo/IDD60801/IDD60801.94474.json,94474,133,8,FALSE,TRUE
Truscott,http://www.bom.gov.au/fwo/IDD60801/IDD60801.95101.json,95101,135,627,FALSE,TRUE
Wadeye (Port Keats),http://www.bom.gov.au/fwo/IDD60801/IDD60801.95111.json,95111,137,10,FALSE,TRUE
Middle Point,http://www.bom.gov.au/fwo/IDD60801/IDD60801.95121.json,95121,139,10,FALSE,TRUE
Darwin Harbour,http://www.bom.gov.au/fwo/IDD60801/IDD60801.95122.json,95122,141,1,FALSE,TRUE
Maningrida Airport,http://www.bom.gov.au/fwo/IDD60801/IDD60801.95142.json,95142,143,20,FALSE,TRUE
Ngayawili (Elcho Island),http://www.bom.gov.au/fwo/IDD60801/IDD60801.95146.json,95146,145,4,FALSE,TRUE
Wyndham Airport,http://www.bom.gov.au/fwo/IDD60801/IDD60801.95214.json,95214,147,68,FALSE,TRUE
Kimberely,http://www.bom.gov.au/fwo/IDD60801/IDD60801.95215.json,95215,149,1,FALSE,TRUE
Rabbit Flat,http://www.bom.gov.au/fwo/IDD60801/IDD60801.95322.json,95322,151,107,FALSE,TRUE
Arltunga,http://www.bom.gov.au/fwo/IDD60801/IDD60801.95323.json,95323,153,1,FALSE,TRUE
Mount Bundey,http://www.bom.gov.au/fwo/IDD60801/IDD60801.99003.json,99003,155,3680,FALSE,TRUE
Charles Point,http://www.bom.gov.au/fwo/IDD60801/IDD60801.99510.json,99510,157,507,FALSE,TRUE
Howard Springs,http://www.bom.gov.au/fwo/IDD60801/IDD60801.99518.json,99518,159,8,FALSE,TRUE
Lee Point,http://www.bom.gov.au/fwo/IDD60801/IDD60801.99519.json,99519,161,1,FALSE,TRUE
Noonamah,http://www.bom.gov.au/fwo/IDD60901/IDD60901.94105.json,94105,163,-5414,FALSE,TRUE
Fish Reef,http://www.bom.gov.au/fwo/IDD60901/IDD60901.94114.json,94114,168,9,FALSE,TRUE
Dum In Mirrie,http://www.bom.gov.au/fwo/IDD60901/IDD60901.94116.json,94116,173,2,FALSE,TRUE
Pirlangimpi,http://www.bom.gov.au/fwo/IDD60901/IDD60901.94119.json,94119,178,3,FALSE,TRUE
Darwin Airport,http://www.bom.gov.au/fwo/IDD60901/IDD60901.94120.json,94120,183,1,FALSE,TRUE
Channel Point,http://www.bom.gov.au/fwo/IDD60901/IDD60901.94121.json,94121,188,1,FALSE,TRUE
Point Fawcett,http://www.bom.gov.au/fwo/IDD60901/IDD60901.94122.json,94122,193,1,FALSE,TRUE
Batchelor,http://www.bom.gov.au/fwo/IDD60901/IDD60901.94125.json,94125,198,3,FALSE,TRUE
Point Stuart,http://www.bom.gov.au/fwo/IDD60901/IDD60901.94127.json,94127,203,2,FALSE,TRUE
Cape Don,http://www.bom.gov.au/fwo/IDD60901/IDD60901.94129.json,94129,208,2,FALSE,TRUE
Black Point,http://www.bom.gov.au/fwo/IDD60901/IDD60901.94134.json,94134,213,5,FALSE,TRUE
Middle Point,http://www.bom.gov.au/fwo/IDD60901/IDD60901.95121.json,95121,218,987,FALSE,TRUE
Darwin Harbour,http://www.bom.gov.au/fwo/IDD60901/IDD60901.95122.json,95122,223,1,FALSE,TRUE
Mount Bundey,http://www.bom.gov.au/fwo/IDD60901/IDD60901.99003.json,99003,228,3881,FALSE,TRUE
Charles Point,http://www.bom.gov.au/fwo/IDD60901/IDD60901.99510.json,99510,233,507,FALSE,TRUE
Howard Springs,http://www.bom.gov.au/fwo/IDD60901/IDD60901.99518.json,99518,238,8,FALSE,TRUE
Lee Point,http://www.bom.gov.au/fwo/IDD60901/IDD60901.99519.json,99519,243,1,FALSE,TRUE
Wanaaring,http://www.bom.gov.au/fwo/IDN60801/IDN60801.94497.json,94497,248,-5022,FALSE,TRUE
Lightning Ridge,http://www.bom.gov.au/fwo/IDN60801/IDN60801.94498.json,94498,250,1,FALSE,TRUE
Mungindi,http://www.bom.gov.au/fwo/IDN60801/IDN60801.94520.json,94520,252,22,FALSE,TRUE
Goondiwindi,http://www.bom.gov.au/fwo/IDN60801/IDN60801.94530.json,94530,254,10,FALSE,TRUE
Inverell RS,http://www.bom.gov.au/fwo/IDN60801/IDN60801.94541.json,94541,256,11,FALSE,TRUE
Pindari Dam,http://www.bom.gov.au/fwo/IDN60801/IDN60801.94544.json,94544,258,3,FALSE,TRUE
Applethorpe,http://www.bom.gov.au/fwo/IDN60801/IDN60801.94553.json,94553,260,9,FALSE,TRUE
Tenterfield,http://www.bom.gov.au/fwo/IDN60801/IDN60801.94556.json,94556,262,3,FALSE,TRUE
Lismore Airport,http://www.bom.gov.au/fwo/IDN60801/IDN60801.94572.json,94572,264,16,FALSE,TRUE
Casino,http://www.bom.gov.au/fwo/IDN60801/IDN60801.94573.json,94573,266,1,FALSE,TRUE
Murwillumbah,http://www.bom.gov.au/fwo/IDN60801/IDN60801.94582.json,94582,268,9,FALSE,TRUE
Tabulam,http://www.bom.gov.au/fwo/IDN60801/IDN60801.94587.json,94587,270,5,FALSE,TRUE
Glen Innes Airport,http://www.bom.gov.au/fwo/IDN60801/IDN60801.94588.json,94588,272,1,FALSE,TRUE
Yamba,http://www.bom.gov.au/fwo/IDN60801/IDN60801.94589.json,94589,274,1,FALSE,TRUE
Coolangatta,http://www.bom.gov.au/fwo/IDN60801/IDN60801.94592.json,94592,276,3,FALSE,TRUE
Ballina,http://www.bom.gov.au/fwo/IDN60801/IDN60801.94596.json,94596,278,4,FALSE,TRUE
Evans Head,http://www.bom.gov.au/fwo/IDN60801/IDN60801.94598.json,94598,280,2,FALSE,TRUE
Cape Byron,http://www.bom.gov.au/fwo/IDN60801/IDN60801.94599.json,94599,282,1,FALSE,TRUE
Maitland Airport,http://www.bom.gov.au/fwo/IDN60801/IDN60801.94650.json,94650,284,51,FALSE,TRUE
Fowlers Gap,http://www.bom.gov.au/fwo/IDN60801/IDN60801.94686.json,94686,286,36,FALSE,TRUE
Broken Hill,http://www.bom.gov.au/fwo/IDN60801/IDN60801.94689.json,94689,288,3,FALSE,TRUE
Broken Hill Airport,http://www.bom.gov.au/fwo/IDN60801/IDN60801.94691.json,94691,290,2,FALSE,TRUE
Lake Victoria,http://www.bom.gov.au/fwo/IDN60801/IDN60801.94692.json,94692,292,1,FALSE,TRUE
Mildura,http://www.bom.gov.au/fwo/IDN60801/IDN60801.94693.json,94693,294,1,FALSE,TRUE
Menindee,http://www.bom.gov.au/fwo/IDN60801/IDN60801.94694.json,94694,296,1,FALSE,TRUE
Balranald,http://www.bom.gov.au/fwo/IDN60801/IDN60801.94696.json,94696,298,2,FALSE,TRUE
White Cliffs,http://www.bom.gov.au/fwo/IDN60801/IDN60801.94699.json,94699,300,3,FALSE,TRUE
Hillston,http://www.bom.gov.au/fwo/IDN60801/IDN60801.94700.json,94700,302,1,FALSE,TRUE
Hay CSIRO,http://www.bom.gov.au/fwo/IDN60801/IDN60801.94701.json,94701,304,1,FALSE,TRUE
Hay Airport,http://www.bom.gov.au/fwo/IDN60801/IDN60801.94702.json,94702,306,1,FALSE,TRUE
Bourke,http://www.bom.gov.au/fwo/IDN60801/IDN60801.94703.json,94703,308,1,FALSE,TRUE
Nyngan,http://www.bom.gov.au/fwo/IDN60801/IDN60801.94708.json,94708,310,5,FALSE,TRUE
Cobar Airport,http://www.bom.gov.au/fwo/IDN60801/IDN60801.94710.json,94710,312,2,FALSE,TRUE
Cobar,http://www.bom.gov.au/fwo/IDN60801/IDN60801.94711.json,94711,314,1,FALSE,TRUE
Young,http://www.bom.gov.au/fwo/IDN60801/IDN60801.94712.json,94712,316,1,FALSE,TRUE
Cootamundra,http://www.bom.gov.au/fwo/IDN60801/IDN60801.94714.json,94714,318,2,FALSE,TRUE
Forbes,http://www.bom.gov.au/fwo/IDN60801/IDN60801.94715.json,94715,320,1,FALSE,TRUE
Goulburn,http://www.bom.gov.au/fwo/IDN60801/IDN60801.94716.json,94716,322,1,FALSE,TRUE
Peak Hill,http://www.bom.gov.au/fwo/IDN60801/IDN60801.94721.json,94721,324,5,FALSE,TRUE
Wellington,http://www.bom.gov.au/fwo/IDN60801/IDN60801.94723.json,94723,326,2,FALSE,TRUE
Grenfell,http://www.bom.gov.au/fwo/IDN60801/IDN60801.94725.json,94725,328,2,FALSE,TRUE
Mudgee,http://www.bom.gov.au/fwo/IDN60801/IDN60801.94727.json,94727,330,2,FALSE,TRUE
Coonabarabran,http://www.bom.gov.au/fwo/IDN60801/IDN60801.94728.json,94728,332,1,FALSE,TRUE
Bathurst Airport,http://www.bom.gov.au/fwo/IDN60801/IDN60801.94729.json,94729,334,1,FALSE,TRUE
Bathurst,http://www.bom.gov.au/fwo/IDN60801/IDN60801.94730.json,94730,336,1,FALSE,TRUE
Gulgong,http://www.bom.gov.au/fwo/IDN60801/IDN60801.94732.json,94732,338,2,FALSE,TRUE
Singleton,http://www.bom.gov.au/fwo/IDN60801/IDN60801.94733.json,94733,340,1,FALSE,TRUE
Taralga,http://www.bom.gov.au/fwo/IDN60801/IDN60801.94735.json,94735,342,2,FALSE,TRUE
Prospect,http://www.bom.gov.au/fwo/IDN60801/IDN60801.94736.json,94736,344,1,FALSE,TRUE
Scone,http://www.bom.gov.au/fwo/IDN60801/IDN60801.94738.json,94738,346,2,FALSE,TRUE
Lithgow,http://www.bom.gov.au/fwo/IDN60801/IDN60801.94741.json,94741,348,3,FALSE,TRUE
Gunnedah,http://www.bom.gov.au/fwo/IDN60801/IDN60801.94742.json,94742,350,1,FALSE,TRUE
Mount Boyce,http://www.bom.gov.au/fwo/IDN60801/IDN60801.94743.json,94743,352,1,FALSE,TRUE
Katoomba,http://www.bom.gov.au/fwo/IDN60801/IDN60801.94744.json,94744,354,1,FALSE,TRUE
Moss Vale,http://www.bom.gov.au/fwo/IDN60801/IDN60801.94746.json,94746,356,2,FALSE,TRUE
Wollongong University,http://www.bom.gov.au/fwo/IDN60801/IDN60801.94748.json,94748,358,2,FALSE,TRUE
Bellambi,http://www.bom.gov.au/fwo/IDN60801/IDN60801.94749.json,94749,360,1,FALSE,TRUE
Nowra,http://www.bom.gov.au/fwo/IDN60801/IDN60801.94750.json,94750,362,1,FALSE,TRUE
Badgerys Creek,http://www.bom.gov.au/fwo/IDN60801/IDN60801.94752.json,94752,364,2,FALSE,TRUE
Nullo Mountain,http://www.bom.gov.au/fwo/IDN60801/IDN60801.94754.json,94754,366,2,FALSE,TRUE
Camden,http://www.bom.gov.au/fwo/IDN60801/IDN60801.94755.json,94755,368,1,FALSE,TRUE
Murrurundi,http://www.bom.gov.au/fwo/IDN60801/IDN60801.94756.json,94756,370,1,FALSE,TRUE
Campbelltown,http://www.bom.gov.au/fwo/IDN60801/IDN60801.94757.json,94757,372,1,FALSE,TRUE
Terrey Hills,http://www.bom.gov.au/fwo/IDN60801/IDN60801.94759.json,94759,374,2,FALSE,TRUE
Horsley Park,http://www.bom.gov.au/fwo/IDN60801/IDN60801.94760.json,94760,376,1,FALSE,TRUE
Barraba,http://www.bom.gov.au/fwo/IDN60801/IDN60801.94761.json,94761,378,1,FALSE,TRUE
Penrith,http://www.bom.gov.au/fwo/IDN60801/IDN60801.94763.json,94763,380,2,FALSE,TRUE
Parramatta,http://www.bom.gov.au/fwo/IDN60801/IDN60801.94764.json,94764,382,1,FALSE,TRUE
Bankstown,http://www.bom.gov.au/fwo/IDN60801/IDN60801.94765.json,94765,384,1,FALSE,TRUE
Canterbury,http://www.bom.gov.au/fwo/IDN60801/IDN60801.94766.json,94766,386,1,FALSE,TRUE
Sydney Airport,http://www.bom.gov.au/fwo/IDN60801/IDN60801.94767.json,94767,388,1,FALSE,TRUE
Sydney - Observatory Hill,http://www.bom.gov.au/fwo/IDN60801/IDN60801.94768.json,94768,390,1,FALSE,TRUE
Fort Denison,http://www.bom.gov.au/fwo/IDN60801/IDN60801.94769.json,94769,392,1,FALSE,TRUE
Guyra,http://www.bom.gov.au/fwo/IDN60801/IDN60801.94772.json,94772,394,3,FALSE,TRUE
Armidale,http://www.bom.gov.au/fwo/IDN60801/IDN60801.94773.json,94773,396,1,FALSE,TRUE
Newcastle Nobbys,http://www.bom.gov.au/fwo/IDN60801/IDN60801.94774.json,94774,398,1,FALSE,TRUE
Tocal,http://www.bom.gov.au/fwo/IDN60801/IDN60801.94775.json,94775,400,1,FALSE,TRUE
Williamtown,http://www.bom.gov.au/fwo/IDN60801/IDN60801.94776.json,94776,402,1,FALSE,TRUE
Little Bay,http://www.bom.gov.au/fwo/IDN60801/IDN60801.94780.json,94780,404,4,FALSE,TRUE
Newcastle University,http://www.bom.gov.au/fwo/IDN60801/IDN60801.94781.json,94781,406,1,FALSE,TRUE
Gosford,http://www.bom.gov.au/fwo/IDN60801/IDN60801.94782.json,94782,408,1,FALSE,TRUE
Mount Seaview,http://www.bom.gov.au/fwo/IDN60801/IDN60801.94783.json,94783,410,1,FALSE,TRUE
Kempsey Airport,http://www.bom.gov.au/fwo/IDN60801/IDN60801.94785.json,94785,412,2,FALSE,TRUE
Port Macquarie Airport,http://www.bom.gov.au/fwo/IDN60801/IDN60801.94786.json,94786,414,1,FALSE,TRUE
Dorrigo,http://www.bom.gov.au/fwo/IDN60801/IDN60801.94789.json,94789,416,3,FALSE,TRUE
Smoky Cape,http://www.bom.gov.au/fwo/IDN60801/IDN60801.94790.json,94790,418,1,FALSE,TRUE
Woolbrook,http://www.bom.gov.au/fwo/IDN60801/IDN60801.94792.json,94792,420,2,FALSE,TRUE
Brewon,http://www.bom.gov.au/fwo/IDN60801/IDN60801.94793.json,94793,422,1,FALSE,TRUE
Girilambone,http://www.bom.gov.au/fwo/IDN60801/IDN60801.94794.json,94794,424,1,FALSE,TRUE
Swan Hill,http://www.bom.gov.au/fwo/IDN60801/IDN60801.94843.json,94843,426,49,FALSE,TRUE
Yarrawonga,http://www.bom.gov.au/fwo/IDN60801/IDN60801.94862.json,94862,428,19,FALSE,TRUE
Tocumwal,http://www.bom.gov.au/fwo/IDN60801/IDN60801.94877.json,94877,430,15,FALSE,TRUE
Gundagai,http://www.bom.gov.au/fwo/IDN60801/IDN60801.94890.json,94890,432,13,FALSE,TRUE
Hume Reservoir,http://www.bom.gov.au/fwo/IDN60801/IDN60801.94901.json,94901,434,11,FALSE,TRUE
Burrinjuck Dam,http://www.bom.gov.au/fwo/IDN60801/IDN60801.94909.json,94909,436,8,FALSE,TRUE
Wagga Wagga,http://www.bom.gov.au/fwo/IDN60801/IDN60801.94910.json,94910,438,1,FALSE,TRUE
Perisher Valley,http://www.bom.gov.au/fwo/IDN60801/IDN60801.94915.json,94915,440,5,FALSE,TRUE
Tumbarumba,http://www.bom.gov.au/fwo/IDN60801/IDN60801.94918.json,94918,442,3,FALSE,TRUE
Khancoban,http://www.bom.gov.au/fwo/IDN60801/IDN60801.94919.json,94919,444,1,FALSE,TRUE
Cooma Airport,http://www.bom.gov.au/fwo/IDN60801/IDN60801.94921.json,94921,446,2,FALSE,TRUE
Cooma,http://www.bom.gov.au/fwo/IDN60801/IDN60801.94923.json,94923,448,2,FALSE,TRUE
Tuggeranong,http://www.bom.gov.au/fwo/IDN60801/IDN60801.94925.json,94925,450,2,FALSE,TRUE
Canberra,http://www.bom.gov.au/fwo/IDN60801/IDN60801.94926.json,94926,452,1,FALSE,TRUE
Braidwood,http://www.bom.gov.au/fwo/IDN60801/IDN60801.94927.json,94927,454,1,FALSE,TRUE
Bombala,http://www.bom.gov.au/fwo/IDN60801/IDN60801.94928.json,94928,456,1,FALSE,TRUE
Bombala AWS,http://www.bom.gov.au/fwo/IDN60801/IDN60801.94929.json,94929,458,1,FALSE,TRUE
Gabo Island,http://www.bom.gov.au/fwo/IDN60801/IDN60801.94933.json,94933,460,4,FALSE,TRUE
Green Cape,http://www.bom.gov.au/fwo/IDN60801/IDN60801.94934.json,94934,462,1,FALSE,TRUE
Moruya Heads,http://www.bom.gov.au/fwo/IDN60801/IDN60801.94937.json,94937,464,3,FALSE,TRUE
Ulladulla,http://www.bom.gov.au/fwo/IDN60801/IDN60801.94938.json,94938,466,1,FALSE,TRUE
Montague Island,http://www.bom.gov.au/fwo/IDN60801/IDN60801.94939.json,94939,468,1,FALSE,TRUE
Batemans Bay,http://www.bom.gov.au/fwo/IDN60801/IDN60801.94941.json,94941,470,2,FALSE,TRUE
Nerriga,http://www.bom.gov.au/fwo/IDN60801/IDN60801.94943.json,94943,472,2,FALSE,TRUE
Lord Howe Island,http://www.bom.gov.au/fwo/IDN60801/IDN60801.94995.json,94995,474,52,FALSE,TRUE
Norfolk Island,http://www.bom.gov.au/fwo/IDN60801/IDN60801.94996.json,94996,476,1,FALSE,TRUE
Tibooburra Airport,http://www.bom.gov.au/fwo/IDN60801/IDN60801.95485.json,95485,478,489,FALSE,TRUE
Brewarrina,http://www.bom.gov.au/fwo/IDN60801/IDN60801.95512.json,95512,480,27,FALSE,TRUE
Collarenebri,http://www.bom.gov.au/fwo/IDN60801/IDN60801.95520.json,95520,482,8,FALSE,TRUE
Moree,http://www.bom.gov.au/fwo/IDN60801/IDN60801.95527.json,95527,484,7,FALSE,TRUE
Inverell,http://www.bom.gov.au/fwo/IDN60801/IDN60801.95541.json,95541,486,14,FALSE,TRUE
Grafton Airport,http://www.bom.gov.au/fwo/IDN60801/IDN60801.95570.json,95570,488,29,FALSE,TRUE
Grafton AgRS,http://www.bom.gov.au/fwo/IDN60801/IDN60801.95571.json,95571,490,1,FALSE,TRUE
Pooncarie,http://www.bom.gov.au/fwo/IDN60801/IDN60801.95692.json,95692,492,121,FALSE,TRUE
Wilcannia Airport,http://www.bom.gov.au/fwo/IDN60801/IDN60801.95695.json,95695,494,3,FALSE,TRUE
Ivanhoe Airport,http://www.bom.gov.au/fwo/IDN60801/IDN60801.95697.json,95697,496,2,FALSE,TRUE
White Cliffs AWS,http://www.bom.gov.au/fwo/IDN60801/IDN60801.95699.json,95699,498,2,FALSE,TRUE
Griffith,http://www.bom.gov.au/fwo/IDN60801/IDN60801.95704.json,95704,500,5,FALSE,TRUE
Yanco,http://www.bom.gov.au/fwo/IDN60801/IDN60801.95705.json,95705,502,1,FALSE,TRUE
Narrandera Airport,http://www.bom.gov.au/fwo/IDN60801/IDN60801.95706.json,95706,504,1,FALSE,TRUE
Lake Cargelligo,http://www.bom.gov.au/fwo/IDN60801/IDN60801.95707.json,95707,506,1,FALSE,TRUE
Condobolin Airport,http://www.bom.gov.au/fwo/IDN60801/IDN60801.95708.json,95708,508,1,FALSE,TRUE
West Wyalong,http://www.bom.gov.au/fwo/IDN60801/IDN60801.95709.json,95709,510,1,FALSE,TRUE
Trangie,http://www.bom.gov.au/fwo/IDN60801/IDN60801.95710.json,95710,512,1,FALSE,TRUE
Walgett,http://www.bom.gov.au/fwo/IDN60801/IDN60801.95715.json,95715,514,5,FALSE,TRUE
Goulburn Airport,http://www.bom.gov.au/fwo/IDN60801/IDN60801.95716.json,95716,516,1,FALSE,TRUE
Parkes Airport,http://www.bom.gov.au/fwo/IDN60801/IDN60801.95717.json,95717,518,1,FALSE,TRUE
Coonamble,http://www.bom.gov.au/fwo/IDN60801/IDN60801.95718.json,95718,520,1,FALSE,TRUE
Dubbo,http://www.bom.gov.au/fwo/IDN60801/IDN60801.95719.json,95719,522,1,FALSE,TRUE
Cowra,http://www.bom.gov.au/fwo/IDN60801/IDN60801.95721.json,95721,524,2,FALSE,TRUE
Temora,http://www.bom.gov.au/fwo/IDN60801/IDN60801.95722.json,95722,526,1,FALSE,TRUE
Yass,http://www.bom.gov.au/fwo/IDN60801/IDN60801.95723.json,95723,528,1,FALSE,TRUE
Orange AgIn,http://www.bom.gov.au/fwo/IDN60801/IDN60801.95725.json,95725,530,2,FALSE,TRUE
Orange Airport,http://www.bom.gov.au/fwo/IDN60801/IDN60801.95726.json,95726,532,1,FALSE,TRUE
Dunedoo,http://www.bom.gov.au/fwo/IDN60801/IDN60801.95727.json,95727,534,1,FALSE,TRUE
Coonabarabran Airport,http://www.bom.gov.au/fwo/IDN60801/IDN60801.95728.json,95728,536,1,FALSE,TRUE
Coffs Harbour Airport,http://www.bom.gov.au/fwo/IDN60801/IDN60801.95729.json,95729,538,1,FALSE,TRUE
Narrabri,http://www.bom.gov.au/fwo/IDN60801/IDN60801.95734.json,95734,540,5,FALSE,TRUE
Oberon,http://www.bom.gov.au/fwo/IDN60801/IDN60801.95735.json,95735,542,1,FALSE,TRUE
Gunnedah Airport,http://www.bom.gov.au/fwo/IDN60801/IDN60801.95740.json,95740,544,5,FALSE,TRUE
Springwood,http://www.bom.gov.au/fwo/IDN60801/IDN60801.95744.json,95744,546,4,FALSE,TRUE
Port Kembla Harbour,http://www.bom.gov.au/fwo/IDN60801/IDN60801.95745.json,95745,548,1,FALSE,TRUE
Quirindi,http://www.bom.gov.au/fwo/IDN60801/IDN60801.95746.json,95746,550,1,FALSE,TRUE
Murrurundi Gap,http://www.bom.gov.au/fwo/IDN60801/IDN60801.95747.json,95747,552,1,FALSE,TRUE
Albion Park,http://www.bom.gov.au/fwo/IDN60801/IDN60801.95748.json,95748,554,1,FALSE,TRUE
Kiama,http://www.bom.gov.au/fwo/IDN60801/IDN60801.95749.json,95749,556,1,FALSE,TRUE
Wattamolla,http://www.bom.gov.au/fwo/IDN60801/IDN60801.95752.json,95752,558,3,FALSE,TRUE
Richmond,http://www.bom.gov.au/fwo/IDN60801/IDN60801.95753.json,95753,560,1,FALSE,TRUE
Merriwa,http://www.bom.gov.au/fwo/IDN60801/IDN60801.95754.json,95754,562,1,FALSE,TRUE
Kurnell,http://www.bom.gov.au/fwo/IDN60801/IDN60801.95756.json,95756,564,2,FALSE,TRUE
Lucas Heights,http://www.bom.gov.au/fwo/IDN60801/IDN60801.95757.json,95757,566,1,FALSE,TRUE
Scone Airport,http://www.bom.gov.au/fwo/IDN60801/IDN60801.95758.json,95758,568,1,FALSE,TRUE
Holsworthy,http://www.bom.gov.au/fwo/IDN60801/IDN60801.95761.json,95761,570,3,FALSE,TRUE
Tamworth Airport,http://www.bom.gov.au/fwo/IDN60801/IDN60801.95762.json,95762,572,1,FALSE,TRUE
Sydney Olympic Park,http://www.bom.gov.au/fwo/IDN60801/IDN60801.95765.json,95765,574,3,FALSE,TRUE
Sydney Harbour,http://www.bom.gov.au/fwo/IDN60801/IDN60801.95766.json,95766,576,1,FALSE,TRUE
Lake Macquarie - Cooranbong,http://www.bom.gov.au/fwo/IDN60801/IDN60801.95767.json,95767,578,1,FALSE,TRUE
North Head,http://www.bom.gov.au/fwo/IDN60801/IDN60801.95768.json,95768,580,1,FALSE,TRUE
Norah Head,http://www.bom.gov.au/fwo/IDN60801/IDN60801.95770.json,95770,582,2,FALSE,TRUE
Cessnock Airport,http://www.bom.gov.au/fwo/IDN60801/IDN60801.95771.json,95771,584,1,FALSE,TRUE
Lostock,http://www.bom.gov.au/fwo/IDN60801/IDN60801.95772.json,95772,586,1,FALSE,TRUE
Armidale Airport,http://www.bom.gov.au/fwo/IDN60801/IDN60801.95773.json,95773,588,1,FALSE,TRUE
Mangrove Mountain,http://www.bom.gov.au/fwo/IDN60801/IDN60801.95774.json,95774,590,1,FALSE,TRUE
Maitland,http://www.bom.gov.au/fwo/IDN60801/IDN60801.95775.json,95775,592,1,FALSE,TRUE
Forster,http://www.bom.gov.au/fwo/IDN60801/IDN60801.95778.json,95778,594,3,FALSE,TRUE
Nelson Bay,http://www.bom.gov.au/fwo/IDN60801/IDN60801.95779.json,95779,596,1,FALSE,TRUE
Taree Airport,http://www.bom.gov.au/fwo/IDN60801/IDN60801.95784.json,95784,598,5,FALSE,TRUE
Deniliquin,http://www.bom.gov.au/fwo/IDN60801/IDN60801.95869.json,95869,600,85,FALSE,TRUE
Corowa,http://www.bom.gov.au/fwo/IDN60801/IDN60801.95895.json,95895,602,26,FALSE,TRUE
Albury,http://www.bom.gov.au/fwo/IDN60801/IDN60801.95896.json,95896,604,1,FALSE,TRUE
Thredbo Village,http://www.bom.gov.au/fwo/IDN60801/IDN60801.95908.json,95908,606,12,FALSE,TRUE
Thredbo Top Station,http://www.bom.gov.au/fwo/IDN60801/IDN60801.95909.json,95909,608,1,FALSE,TRUE
Charlotte Pass,http://www.bom.gov.au/fwo/IDN60801/IDN60801.95912.json,95912,610,3,FALSE,TRUE
Cabramurra,http://www.bom.gov.au/fwo/IDN60801/IDN60801.95916.json,95916,612,4,FALSE,TRUE
Mount Ginini,http://www.bom.gov.au/fwo/IDN60801/IDN60801.95925.json,95925,614,9,FALSE,TRUE
Merimbula,http://www.bom.gov.au/fwo/IDN60801/IDN60801.95929.json,95929,616,4,FALSE,TRUE
Bega,http://www.bom.gov.au/fwo/IDN60801/IDN60801.95931.json,95931,618,2,FALSE,TRUE
Narooma,http://www.bom.gov.au/fwo/IDN60801/IDN60801.95935.json,95935,620,4,FALSE,TRUE
Moruya Airport,http://www.bom.gov.au/fwo/IDN60801/IDN60801.95937.json,95937,622,2,FALSE,TRUE
Point Perpendicular,http://www.bom.gov.au/fwo/IDN60801/IDN60801.95940.json,95940,624,3,FALSE,TRUE
Lord Howe Island Windy Point,http://www.bom.gov.au/fwo/IDN60801/IDN60801.95995.json,95995,626,55,FALSE,TRUE
Singleton (Defence),http://www.bom.gov.au/fwo/IDN60801/IDN60801.99738.json,99738,628,3743,FALSE,TRUE
High Range (Wanganderry),http://www.bom.gov.au/fwo/IDN60801/IDN60801.99742.json,99742,630,4,FALSE,TRUE
Prospect Dam,http://www.bom.gov.au/fwo/IDN60901/IDN60901.94736.json,94736,632,-5006,FALSE,TRUE
Mount Boyce,http://www.bom.gov.au/fwo/IDN60901/IDN60901.94743.json,94743,637,7,FALSE,TRUE
Katoomba,http://www.bom.gov.au/fwo/IDN60901/IDN60901.94744.json,94744,642,1,FALSE,TRUE
Bellambi,http://www.bom.gov.au/fwo/IDN60901/IDN60901.94749.json,94749,647,5,FALSE,TRUE
Badgerys Creek,http://www.bom.gov.au/fwo/IDN60901/IDN60901.94752.json,94752,652,3,FALSE,TRUE
Camden,http://www.bom.gov.au/fwo/IDN60901/IDN60901.94755.json,94755,657,3,FALSE,TRUE
Campbelltown,http://www.bom.gov.au/fwo/IDN60901/IDN60901.94757.json,94757,662,2,FALSE,TRUE
Terrey Hills,http://www.bom.gov.au/fwo/IDN60901/IDN60901.94759.json,94759,667,2,FALSE,TRUE
Horsley Park,http://www.bom.gov.au/fwo/IDN60901/IDN60901.94760.json,94760,672,1,FALSE,TRUE
Penrith,http://www.bom.gov.au/fwo/IDN60901/IDN60901.94763.json,94763,677,3,FALSE,TRUE
Parramatta,http://www.bom.gov.au/fwo/IDN60901/IDN60901.94764.json,94764,682,1,FALSE,TRUE
Bankstown,http://www.bom.gov.au/fwo/IDN60901/IDN60901.94765.json,94765,687,1,FALSE,TRUE
Canterbury,http://www.bom.gov.au/fwo/IDN60901/IDN60901.94766.json,94766,692,1,FALSE,TRUE
Sydney Airport,http://www.bom.gov.au/fwo/IDN60901/IDN60901.94767.json,94767,697,1,FALSE,TRUE
Sydney - Observatory Hill,http://www.bom.gov.au/fwo/IDN60901/IDN60901.94768.json,94768,702,1,FALSE,TRUE
Fort Denison,http://www.bom.gov.au/fwo/IDN60901/IDN60901.94769.json,94769,707,1,FALSE,TRUE
Newcastle Nobbys,http://www.bom.gov.au/fwo/IDN60901/IDN60901.94774.json,94774,712,5,FALSE,TRUE
Williamtown,http://www.bom.gov.au/fwo/IDN60901/IDN60901.94776.json,94776,717,2,FALSE,TRUE
Little Bay,http://www.bom.gov.au/fwo/IDN60901/IDN60901.94780.json,94780,722,4,FALSE,TRUE
Newcastle University,http://www.bom.gov.au/fwo/IDN60901/IDN60901.94781.json,94781,727,1,FALSE,TRUE
Gosford,http://www.bom.gov.au/fwo/IDN60901/IDN60901.94782.json,94782,732,1,FALSE,TRUE
Springwood,http://www.bom.gov.au/fwo/IDN60901/IDN60901.95744.json,95744,737,962,FALSE,TRUE
Liverpool,http://www.bom.gov.au/fwo/IDN60901/IDN60901.95750.json,95750,742,6,FALSE,TRUE
Wattamolla,http://www.bom.gov.au/fwo/IDN60901/IDN60901.95752.json,95752,747,2,FALSE,TRUE
Richmond,http://www.bom.gov.au/fwo/IDN60901/IDN60901.95753.json,95753,752,1,FALSE,TRUE
Kurnell,http://www.bom.gov.au/fwo/IDN60901/IDN60901.95756.json,95756,757,3,FALSE,TRUE
Lucas Heights,http://www.bom.gov.au/fwo/IDN60901/IDN60901.95757.json,95757,762,1,FALSE,TRUE
Holsworthy,http://www.bom.gov.au/fwo/IDN60901/IDN60901.95761.json,95761,767,4,FALSE,TRUE
Riverview,http://www.bom.gov.au/fwo/IDN60901/IDN60901.95764.json,95764,772,3,FALSE,TRUE
Sydney Olympic Park,http://www.bom.gov.au/fwo/IDN60901/IDN60901.95765.json,95765,777,1,FALSE,TRUE
Sydney Harbour,http://www.bom.gov.au/fwo/IDN60901/IDN60901.95766.json,95766,782,1,FALSE,TRUE
Lake Macquarie - Cooranbong,http://www.bom.gov.au/fwo/IDN60901/IDN60901.95767.json,95767,787,1,FALSE,TRUE
North Head,http://www.bom.gov.au/fwo/IDN60901/IDN60901.95768.json,95768,792,1,FALSE,TRUE
Norah Head,http://www.bom.gov.au/fwo/IDN60901/IDN60901.95770.json,95770,797,2,FALSE,TRUE
Mangrove Mountain,http://www.bom.gov.au/fwo/IDN60901/IDN60901.95774.json,95774,802,4,FALSE,TRUE
Nowra,http://www.bom.gov.au/fwo/IDN60903/IDN60903.94750.json,94750,807,-1024,FALSE,TRUE
Perisher Valley,http://www.bom.gov.au/fwo/IDN60903/IDN60903.94915.json,94915,809,165,FALSE,TRUE
Cooma Airport,http://www.bom.gov.au/fwo/IDN60903/IDN60903.94921.json,94921,811,6,FALSE,TRUE
Tidbinbilla,http://www.bom.gov.au/fwo/IDN60903/IDN60903.94922.json,94922,813,1,FALSE,TRUE
Tuggeranong,http://www.bom.gov.au/fwo/IDN60903/IDN60903.94925.json,94925,815,3,FALSE,TRUE
Canberra,http://www.bom.gov.au/fwo/IDN60903/IDN60903.94926.json,94926,817,1,FALSE,TRUE
Braidwood,http://www.bom.gov.au/fwo/IDN60903/IDN60903.94927.json,94927,819,1,FALSE,TRUE
Ulladulla,http://www.bom.gov.au/fwo/IDN60903/IDN60903.94938.json,94938,821,11,FALSE,TRUE
Montague Island,http://www.bom.gov.au/fwo/IDN60903/IDN60903.94939.json,94939,823,1,FALSE,TRUE
Batemans Bay,http://www.bom.gov.au/fwo/IDN60903/IDN60903.94941.json,94941,825,2,FALSE,TRUE
Goulburn Airport,http://www.bom.gov.au/fwo/IDN60903/IDN60903.95716.json,95716,827,775,FALSE,TRUE
Yass,http://www.bom.gov.au/fwo/IDN60903/IDN60903.95723.json,95723,829,7,FALSE,TRUE
Thredbo Top Station,http://www.bom.gov.au/fwo/IDN60903/IDN60903.95909.json,95909,831,186,FALSE,TRUE
Charlotte Pass,http://www.bom.gov.au/fwo/IDN60903/IDN60903.95912.json,95912,833,3,FALSE,TRUE
Cabramurra,http://www.bom.gov.au/fwo/IDN60903/IDN60903.95916.json,95916,835,4,FALSE,TRUE
Mount Ginini,http://www.bom.gov.au/fwo/IDN60903/IDN60903.95925.json,95925,837,9,FALSE,TRUE
Narooma,http://www.bom.gov.au/fwo/IDN60903/IDN60903.95935.json,95935,839,10,FALSE,TRUE
Moruya Airport,http://www.bom.gov.au/fwo/IDN60903/IDN60903.95937.json,95937,841,2,FALSE,TRUE
Weipa,http://www.bom.gov.au/fwo/IDQ60801/IDQ60801.94170.json,94170,843,-1767,FALSE,TRUE
Scherger,http://www.bom.gov.au/fwo/IDQ60801/IDQ60801.94171.json,94171,845,1,FALSE,TRUE
Horn Island,http://www.bom.gov.au/fwo/IDQ60801/IDQ60801.94174.json,94174,847,3,FALSE,TRUE
Thursday Island,http://www.bom.gov.au/fwo/IDQ60801/IDQ60801.94181.json,94181,849,7,FALSE,TRUE
Coconut Island,http://www.bom.gov.au/fwo/IDQ60801/IDQ60801.94182.json,94182,851,1,FALSE,TRUE
Coen Airport,http://www.bom.gov.au/fwo/IDQ60801/IDQ60801.94183.json,94183,853,1,FALSE,TRUE
Lockhart River,http://www.bom.gov.au/fwo/IDQ60801/IDQ60801.94186.json,94186,855,3,FALSE,TRUE
Cape Flattery,http://www.bom.gov.au/fwo/IDQ60801/IDQ60801.94188.json,94188,857,2,FALSE,TRUE
Mornington Island Airport,http://www.bom.gov.au/fwo/IDQ60801/IDQ60801.94254.json,94254,859,66,FALSE,TRUE
Camooweal,http://www.bom.gov.au/fwo/IDQ60801/IDQ60801.94255.json,94255,861,1,FALSE,TRUE
Sweers Island,http://www.bom.gov.au/fwo/IDQ60801/IDQ60801.94257.json,94257,863,2,FALSE,TRUE
Burketown Airport,http://www.bom.gov.au/fwo/IDQ60801/IDQ60801.94260.json,94260,865,3,FALSE,TRUE
Century Mine,http://www.bom.gov.au/fwo/IDQ60801/IDQ60801.94261.json,94261,867,1,FALSE,TRUE
Normanton,http://www.bom.gov.au/fwo/IDQ60801/IDQ60801.94266.json,94266,869,5,FALSE,TRUE
Kowanyama,http://www.bom.gov.au/fwo/IDQ60801/IDQ60801.94268.json,94268,871,2,FALSE,TRUE
Croydon,http://www.bom.gov.au/fwo/IDQ60801/IDQ60801.94269.json,94269,873,1,FALSE,TRUE
Toorak,http://www.bom.gov.au/fwo/IDQ60801/IDQ60801.94270.json,94270,875,1,FALSE,TRUE
Georgetown Airport,http://www.bom.gov.au/fwo/IDQ60801/IDQ60801.94274.json,94274,877,4,FALSE,TRUE
Georgetown,http://www.bom.gov.au/fwo/IDQ60801/IDQ60801.94275.json,94275,879,1,FALSE,TRUE
Palmerville,http://www.bom.gov.au/fwo/IDQ60801/IDQ60801.94276.json,94276,881,1,FALSE,TRUE
Innisfail Aero,http://www.bom.gov.au/fwo/IDQ60801/IDQ60801.94280.json,94280,883,4,FALSE,TRUE
Arlington Reef,http://www.bom.gov.au/fwo/IDQ60801/IDQ60801.94284.json,94284,885,4,FALSE,TRUE
Low Isles,http://www.bom.gov.au/fwo/IDQ60801/IDQ60801.94285.json,94285,887,1,FALSE,TRUE
Cairns,http://www.bom.gov.au/fwo/IDQ60801/IDQ60801.94287.json,94287,889,2,FALSE,TRUE
Cairns Racecourse,http://www.bom.gov.au/fwo/IDQ60801/IDQ60801.94288.json,94288,891,1,FALSE,TRUE
Holmes Reef,http://www.bom.gov.au/fwo/IDQ60801/IDQ60801.94289.json,94289,893,1,FALSE,TRUE
Flinders Reef,http://www.bom.gov.au/fwo/IDQ60801/IDQ60801.94290.json,94290,895,1,FALSE,TRUE
Innisfail,http://www.bom.gov.au/fwo/IDQ60801/IDQ60801.94291.json,94291,897,1,FALSE,TRUE
Cardwell,http://www.bom.gov.au/fwo/IDQ60801/IDQ60801.94292.json,94292,899,1,FALSE,TRUE
Lihou Reef Lighthouse,http://www.bom.gov.au/fwo/IDQ60801/IDQ60801.94293.json,94293,901,1,FALSE,TRUE
Townsville,http://www.bom.gov.au/fwo/IDQ60801/IDQ60801.94294.json,94294,903,1,FALSE,TRUE
Lucinda,http://www.bom.gov.au/fwo/IDQ60801/IDQ60801.94295.json,94295,905,1,FALSE,TRUE
Cape Ferguson,http://www.bom.gov.au/fwo/IDQ60801/IDQ60801.94297.json,94297,907,2,FALSE,TRUE
Marion Reef,http://www.bom.gov.au/fwo/IDQ60801/IDQ60801.94298.json,94298,909,1,FALSE,TRUE
Willis Island,http://www.bom.gov.au/fwo/IDQ60801/IDQ60801.94299.json,94299,911,1,FALSE,TRUE
Mount Isa,http://www.bom.gov.au/fwo/IDQ60801/IDQ60801.94332.json,94332,913,33,FALSE,TRUE
Boulia,http://www.bom.gov.au/fwo/IDQ60801/IDQ60801.94333.json,94333,915,1,FALSE,TRUE
Bedourie,http://www.bom.gov.au/fwo/IDQ60801/IDQ60801.94334.json,94334,917,1,FALSE,TRUE
Cloncurry,http://www.bom.gov.au/fwo/IDQ60801/IDQ60801.94335.json,94335,919,1,FALSE,TRUE
The Monument,http://www.bom.gov.au/fwo/IDQ60801/IDQ60801.94336.json,94336,921,1,FALSE,TRUE
Julia Creek,http://www.bom.gov.au/fwo/IDQ60801/IDQ60801.94337.json,94337,923,1,FALSE,TRUE
Trepell,http://www.bom.gov.au/fwo/IDQ60801/IDQ60801.94338.json,94338,925,1,FALSE,TRUE
Richmond,http://www.bom.gov.au/fwo/IDQ60801/IDQ60801.94341.json,94341,927,3,FALSE,TRUE
Winton,http://www.bom.gov.au/fwo/IDQ60801/IDQ60801.94342.json,94342,929,1,FALSE,TRUE
Hughenden,http://www.bom.gov.au/fwo/IDQ60801/IDQ60801.94343.json,94343,931,1,FALSE,TRUE
Urandangi,http://www.bom.gov.au/fwo/IDQ60801/IDQ60801.94344.json,94344,933,1,FALSE,TRUE
Isisford,http://www.bom.gov.au/fwo/IDQ60801/IDQ60801.94345.json,94345,935,1,FALSE,TRUE
Longreach,http://www.bom.gov.au/fwo/IDQ60801/IDQ60801.94346.json,94346,937,1,FALSE,TRUE
Carters Bore,http://www.bom.gov.au/fwo/IDQ60801/IDQ60801.94347.json,94347,939,1,FALSE,TRUE
Lake Julius,http://www.bom.gov.au/fwo/IDQ60801/IDQ60801.94348.json,94348,941,1,FALSE,TRUE
New May Downs,http://www.bom.gov.au/fwo/IDQ60801/IDQ60801.94349.json,94349,943,1,FALSE,TRUE
Barcaldine,http://www.bom.gov.au/fwo/IDQ60801/IDQ60801.94350.json,94350,945,1,FALSE,TRUE
Mackay Racecourse,http://www.bom.gov.au/fwo/IDQ60801/IDQ60801.94352.json,94352,947,2,FALSE,TRUE
Tambo,http://www.bom.gov.au/fwo/IDQ60801/IDQ60801.94355.json,94355,949,3,FALSE,TRUE
Charters Towers,http://www.bom.gov.au/fwo/IDQ60801/IDQ60801.94356.json,94356,951,1,FALSE,TRUE
Clermont,http://www.bom.gov.au/fwo/IDQ60801/IDQ60801.94359.json,94359,953,3,FALSE,TRUE
Collinsville,http://www.bom.gov.au/fwo/IDQ60801/IDQ60801.94360.json,94360,955,1,FALSE,TRUE
Emerald,http://www.bom.gov.au/fwo/IDQ60801/IDQ60801.94363.json,94363,957,3,FALSE,TRUE
Proserpine,http://www.bom.gov.au/fwo/IDQ60801/IDQ60801.94365.json,94365,959,2,FALSE,TRUE
Bowen Airport,http://www.bom.gov.au/fwo/IDQ60801/IDQ60801.94366.json,94366,961,1,FALSE,TRUE
Mackay,http://www.bom.gov.au/fwo/IDQ60801/IDQ60801.94367.json,94367,963,1,FALSE,TRUE
Hamilton Island,http://www.bom.gov.au/fwo/IDQ60801/IDQ60801.94368.json,94368,965,1,FALSE,TRUE
Samuel Hill,http://www.bom.gov.au/fwo/IDQ60801/IDQ60801.94370.json,94370,967,2,FALSE,TRUE
Creal Reef,http://www.bom.gov.au/fwo/IDQ60801/IDQ60801.94371.json,94371,969,1,FALSE,TRUE
Middle Percy Island,http://www.bom.gov.au/fwo/IDQ60801/IDQ60801.94372.json,94372,971,1,FALSE,TRUE
Yeppoon,http://www.bom.gov.au/fwo/IDQ60801/IDQ60801.94373.json,94373,973,1,FALSE,TRUE
Rockhampton,http://www.bom.gov.au/fwo/IDQ60801/IDQ60801.94374.json,94374,975,1,FALSE,TRUE
Biloela,http://www.bom.gov.au/fwo/IDQ60801/IDQ60801.94376.json,94376,977,2,FALSE,TRUE
Monto Township,http://www.bom.gov.au/fwo/IDQ60801/IDQ60801.94377.json,94377,979,1,FALSE,TRUE
Rundle Island,http://www.bom.gov.au/fwo/IDQ60801/IDQ60801.94378.json,94378,981,1,FALSE,TRUE
Gannett Cay,http://www.bom.gov.au/fwo/IDQ60801/IDQ60801.94379.json,94379,983,1,FALSE,TRUE
Gladstone,http://www.bom.gov.au/fwo/IDQ60801/IDQ60801.94380.json,94380,985,1,FALSE,TRUE
Gladstone Airport,http://www.bom.gov.au/fwo/IDQ60801/IDQ60801.94381.json,94381,987,1,FALSE,TRUE
Bowen Airport AWS,http://www.bom.gov.au/fwo/IDQ60801/IDQ60801.94383.json,94383,989,2,FALSE,TRUE
Seventeen Seventy,http://www.bom.gov.au/fwo/IDQ60801/IDQ60801.94384.json,94384,991,1,FALSE,TRUE
Heron Island,http://www.bom.gov.au/fwo/IDQ60801/IDQ60801.94386.json,94386,993,2,FALSE,TRUE
Bundaberg,http://www.bom.gov.au/fwo/IDQ60801/IDQ60801.94387.json,94387,995,1,FALSE,TRUE
Lady Elliot Island,http://www.bom.gov.au/fwo/IDQ60801/IDQ60801.94388.json,94388,997,1,FALSE,TRUE
Sandy Cape,http://www.bom.gov.au/fwo/IDQ60801/IDQ60801.94390.json,94390,999,2,FALSE,TRUE
Frederick Reef,http://www.bom.gov.au/fwo/IDQ60801/IDQ60801.94393.json,94393,1001,3,FALSE,TRUE
Cato Island,http://www.bom.gov.au/fwo/IDQ60801/IDQ60801.94394.json,94394,1003,1,FALSE,TRUE
Clermont Airport,http://www.bom.gov.au/fwo/IDQ60801/IDQ60801.94395.json,94395,1005,1,FALSE,TRUE
Rolleston Airport,http://www.bom.gov.au/fwo/IDQ60801/IDQ60801.94396.json,94396,1007,1,FALSE,TRUE
Moranbah Airport,http://www.bom.gov.au/fwo/IDQ60801/IDQ60801.94397.json,94397,1009,1,FALSE,TRUE
Blackwater Airport,http://www.bom.gov.au/fwo/IDQ60801/IDQ60801.94398.json,94398,1011,1,FALSE,TRUE
Lochington,http://www.bom.gov.au/fwo/IDQ60801/IDQ60801.94399.json,94399,1013,1,FALSE,TRUE
Windorah,http://www.bom.gov.au/fwo/IDQ60801/IDQ60801.94489.json,94489,1015,90,FALSE,TRUE
Cunnamulla,http://www.bom.gov.au/fwo/IDQ60801/IDQ60801.94500.json,94500,1017,11,FALSE,TRUE
Charleville,http://www.bom.gov.au/fwo/IDQ60801/IDQ60801.94510.json,94510,1019,10,FALSE,TRUE
Injune,http://www.bom.gov.au/fwo/IDQ60801/IDQ60801.94511.json,94511,1021,1,FALSE,TRUE
Bollon,http://www.bom.gov.au/fwo/IDQ60801/IDQ60801.94513.json,94513,1023,2,FALSE,TRUE
Mitchell,http://www.bom.gov.au/fwo/IDQ60801/IDQ60801.94514.json,94514,1025,1,FALSE,TRUE
Roma,http://www.bom.gov.au/fwo/IDQ60801/IDQ60801.94515.json,94515,1027,1,FALSE,TRUE
St George,http://www.bom.gov.au/fwo/IDQ60801/IDQ60801.94517.json,94517,1029,2,FALSE,TRUE
Surat,http://www.bom.gov.au/fwo/IDQ60801/IDQ60801.94521.json,94521,1031,4,FALSE,TRUE
Taroom,http://www.bom.gov.au/fwo/IDQ60801/IDQ60801.94525.json,94525,1033,4,FALSE,TRUE
Goondiwindi,http://www.bom.gov.au/fwo/IDQ60801/IDQ60801.94530.json,94530,1035,5,FALSE,TRUE
Dalby,http://www.bom.gov.au/fwo/IDQ60801/IDQ60801.94542.json,94542,1037,12,FALSE,TRUE
Maleny,http://www.bom.gov.au/fwo/IDQ60801/IDQ60801.94547.json,94547,1039,5,FALSE,TRUE
Baroon Pocket,http://www.bom.gov.au/fwo/IDQ60801/IDQ60801.94548.json,94548,1041,1,FALSE,TRUE
Kingaroy,http://www.bom.gov.au/fwo/IDQ60801/IDQ60801.94549.json,94549,1043,1,FALSE,TRUE
Stanthorpe,http://www.bom.gov.au/fwo/IDQ60801/IDQ60801.94550.json,94550,1045,1,FALSE,TRUE
Oakey,http://www.bom.gov.au/fwo/IDQ60801/IDQ60801.94552.json,94552,1047,2,FALSE,TRUE
Applethorpe,http://www.bom.gov.au/fwo/IDQ60801/IDQ60801.94553.json,94553,1049,1,FALSE,TRUE
Warwick,http://www.bom.gov.au/fwo/IDQ60801/IDQ60801.94555.json,94555,1051,2,FALSE,TRUE
Jimna,http://www.bom.gov.au/fwo/IDQ60801/IDQ60801.94557.json,94557,1053,2,FALSE,TRUE
Toolara,http://www.bom.gov.au/fwo/IDQ60801/IDQ60801.94558.json,94558,1055,1,FALSE,TRUE
Redland (Alexandra Hills),http://www.bom.gov.au/fwo/IDQ60801/IDQ60801.94561.json,94561,1057,3,FALSE,TRUE
Gatton,http://www.bom.gov.au/fwo/IDQ60801/IDQ60801.94562.json,94562,1059,1,FALSE,TRUE
Rainbow Beach,http://www.bom.gov.au/fwo/IDQ60801/IDQ60801.94564.json,94564,1061,2,FALSE,TRUE
Gympie,http://www.bom.gov.au/fwo/IDQ60801/IDQ60801.94566.json,94566,1063,2,FALSE,TRUE
Maryborough,http://www.bom.gov.au/fwo/IDQ60801/IDQ60801.94567.json,94567,1065,1,FALSE,TRUE
Amberley,http://www.bom.gov.au/fwo/IDQ60801/IDQ60801.94568.json,94568,1067,1,FALSE,TRUE
Maroochydore,http://www.bom.gov.au/fwo/IDQ60801/IDQ60801.94569.json,94569,1069,1,FALSE,TRUE
Tewantin,http://www.bom.gov.au/fwo/IDQ60801/IDQ60801.94570.json,94570,1071,1,FALSE,TRUE
Archerfield,http://www.bom.gov.au/fwo/IDQ60801/IDQ60801.94575.json,94575,1073,5,FALSE,TRUE
Brisbane,http://www.bom.gov.au/fwo/IDQ60801/IDQ60801.94576.json,94576,1075,1,FALSE,TRUE
Hinze Dam,http://www.bom.gov.au/fwo/IDQ60801/IDQ60801.94577.json,94577,1077,1,FALSE,TRUE
Brisbane Airport,http://www.bom.gov.au/fwo/IDQ60801/IDQ60801.94578.json,94578,1079,1,FALSE,TRUE
Gold Coast Seaway,http://www.bom.gov.au/fwo/IDQ60801/IDQ60801.94580.json,94580,1081,2,FALSE,TRUE
Spitfire Channel,http://www.bom.gov.au/fwo/IDQ60801/IDQ60801.94581.json,94581,1083,1,FALSE,TRUE
Double Island Point,http://www.bom.gov.au/fwo/IDQ60801/IDQ60801.94584.json,94584,1085,3,FALSE,TRUE
Inner Beacon,http://www.bom.gov.au/fwo/IDQ60801/IDQ60801.94590.json,94590,1087,6,FALSE,TRUE
Banana Bank,http://www.bom.gov.au/fwo/IDQ60801/IDQ60801.94591.json,94591,1089,1,FALSE,TRUE
Coolangatta,http://www.bom.gov.au/fwo/IDQ60801/IDQ60801.94592.json,94592,1091,1,FALSE,TRUE
Point Lookout,http://www.bom.gov.au/fwo/IDQ60801/IDQ60801.94593.json,94593,1093,1,FALSE,TRUE
Cape Moreton,http://www.bom.gov.au/fwo/IDQ60801/IDQ60801.94594.json,94594,1095,1,FALSE,TRUE
Redlands,http://www.bom.gov.au/fwo/IDQ60801/IDQ60801.94597.json,94597,1097,3,FALSE,TRUE
Cooktown,http://www.bom.gov.au/fwo/IDQ60801/IDQ60801.95283.json,95283,1099,686,FALSE,TRUE
Mareeba,http://www.bom.gov.au/fwo/IDQ60801/IDQ60801.95286.json,95286,1101,3,FALSE,TRUE
Norman Reef,http://www.bom.gov.au/fwo/IDQ60801/IDQ60801.95287.json,95287,1103,1,FALSE,TRUE
Bougainville Reef,http://www.bom.gov.au/fwo/IDQ60801/IDQ60801.95288.json,95288,1105,1,FALSE,TRUE
Moore Reef,http://www.bom.gov.au/fwo/IDQ60801/IDQ60801.95290.json,95290,1107,2,FALSE,TRUE
Ingham,http://www.bom.gov.au/fwo/IDQ60801/IDQ60801.95291.json,95291,1109,1,FALSE,TRUE
South Johnstone,http://www.bom.gov.au/fwo/IDQ60801/IDQ60801.95292.json,95292,1111,1,FALSE,TRUE
Woolshed,http://www.bom.gov.au/fwo/IDQ60801/IDQ60801.95293.json,95293,1113,1,FALSE,TRUE
Ayr,http://www.bom.gov.au/fwo/IDQ60801/IDQ60801.95295.json,95295,1115,2,FALSE,TRUE
Alva Beach,http://www.bom.gov.au/fwo/IDQ60801/IDQ60801.95296.json,95296,1117,1,FALSE,TRUE
Rosslyn Bay Harbour,http://www.bom.gov.au/fwo/IDQ60801/IDQ60801.95298.json,95298,1119,2,FALSE,TRUE
Blackall,http://www.bom.gov.au/fwo/IDQ60801/IDQ60801.95351.json,95351,1121,53,FALSE,TRUE
Springsure,http://www.bom.gov.au/fwo/IDQ60801/IDQ60801.95362.json,95362,1123,11,FALSE,TRUE
Mackay Airport,http://www.bom.gov.au/fwo/IDQ60801/IDQ60801.95367.json,95367,1125,5,FALSE,TRUE
St Lawrence,http://www.bom.gov.au/fwo/IDQ60801/IDQ60801.95369.json,95369,1127,2,FALSE,TRUE
Williamson,http://www.bom.gov.au/fwo/IDQ60801/IDQ60801.95370.json,95370,1129,1,FALSE,TRUE
Birdsville,http://www.bom.gov.au/fwo/IDQ60801/IDQ60801.95482.json,95482,1131,112,FALSE,TRUE
Ballera,http://www.bom.gov.au/fwo/IDQ60801/IDQ60801.95487.json,95487,1133,5,FALSE,TRUE
Thargomindah,http://www.bom.gov.au/fwo/IDQ60801/IDQ60801.95492.json,95492,1135,5,FALSE,TRUE
Miles,http://www.bom.gov.au/fwo/IDQ60801/IDQ60801.95529.json,95529,1137,37,FALSE,TRUE
Texas,http://www.bom.gov.au/fwo/IDQ60801/IDQ60801.95533.json,95533,1139,4,FALSE,TRUE
Gayndah,http://www.bom.gov.au/fwo/IDQ60801/IDQ60801.95543.json,95543,1141,10,FALSE,TRUE
Toowoomba,http://www.bom.gov.au/fwo/IDQ60801/IDQ60801.95551.json,95551,1143,8,FALSE,TRUE
Hervey Bay,http://www.bom.gov.au/fwo/IDQ60801/IDQ60801.95565.json,95565,1145,14,FALSE,TRUE
Beerburrum,http://www.bom.gov.au/fwo/IDQ60801/IDQ60801.95566.json,95566,1147,1,FALSE,TRUE
Nambour,http://www.bom.gov.au/fwo/IDQ60801/IDQ60801.95572.json,95572,1149,6,FALSE,TRUE
Inglewood,http://www.bom.gov.au/fwo/IDQ60801/IDQ60801.95573.json,95573,1151,1,FALSE,TRUE
Beaudesert AWS,http://www.bom.gov.au/fwo/IDQ60801/IDQ60801.95575.json,95575,1153,2,FALSE,TRUE
Logan City,http://www.bom.gov.au/fwo/IDQ60801/IDQ60801.95581.json,95581,1155,6,FALSE,TRUE
Redcliffe,http://www.bom.gov.au/fwo/IDQ60801/IDQ60801.95591.json,95591,1157,10,FALSE,TRUE
PORTABLE QFRA,http://www.bom.gov.au/fwo/IDQ60801/IDQ60801.99082.json,99082,1159,3491,FALSE,TRUE
PORTABLE QFRB,http://www.bom.gov.au/fwo/IDQ60801/IDQ60801.99083.json,99083,1161,1,FALSE,TRUE
PORTABLE QFRC,http://www.bom.gov.au/fwo/IDQ60801/IDQ60801.99084.json,99084,1163,1,FALSE,TRUE
PORTABLE QFRD,http://www.bom.gov.au/fwo/IDQ60801/IDQ60801.99112.json,99112,1165,28,FALSE,TRUE
PORTABLE QFRE,http://www.bom.gov.au/fwo/IDQ60801/IDQ60801.99113.json,99113,1167,1,FALSE,TRUE
PORTABLE QFRF,http://www.bom.gov.au/fwo/IDQ60801/IDQ60801.99114.json,99114,1169,1,FALSE,TRUE
PORTABLE QFRG,http://www.bom.gov.au/fwo/IDQ60801/IDQ60801.99115.json,99115,1171,1,FALSE,TRUE
PORTABLE QFRH,http://www.bom.gov.au/fwo/IDQ60801/IDQ60801.99117.json,99117,1173,2,FALSE,TRUE
PORTABLE QFRI (Inglewood),http://www.bom.gov.au/fwo/IDQ60801/IDQ60801.99122.json,99122,1175,5,FALSE,TRUE
Cowley Beach (Defence),http://www.bom.gov.au/fwo/IDQ60801/IDQ60801.99218.json,99218,1177,96,FALSE,TRUE
Hay Point,http://www.bom.gov.au/fwo/IDQ60801/IDQ60801.99367.json,99367,1179,149,FALSE,TRUE
Wellcamp Airport,http://www.bom.gov.au/fwo/IDQ60801/IDQ60801.99435.json,99435,1181,68,FALSE,TRUE
Maleny,http://www.bom.gov.au/fwo/IDQ60901/IDQ60901.94547.json,94547,1183,-4888,FALSE,TRUE
Baroon Pocket,http://www.bom.gov.au/fwo/IDQ60901/IDQ60901.94548.json,94548,1188,1,FALSE,TRUE
Kingaroy,http://www.bom.gov.au/fwo/IDQ60901/IDQ60901.94549.json,94549,1193,1,FALSE,TRUE
Oakey,http://www.bom.gov.au/fwo/IDQ60901/IDQ60901.94552.json,94552,1198,3,FALSE,TRUE
Warwick,http://www.bom.gov.au/fwo/IDQ60901/IDQ60901.94555.json,94555,1203,3,FALSE,TRUE
Jimna,http://www.bom.gov.au/fwo/IDQ60901/IDQ60901.94557.json,94557,1208,2,FALSE,TRUE
Toolara,http://www.bom.gov.au/fwo/IDQ60901/IDQ60901.94558.json,94558,1213,1,FALSE,TRUE
Redland (Alexandra Hills),http://www.bom.gov.au/fwo/IDQ60901/IDQ60901.94561.json,94561,1218,3,FALSE,TRUE
Gatton,http://www.bom.gov.au/fwo/IDQ60901/IDQ60901.94562.json,94562,1223,1,FALSE,TRUE
Rainbow Beach,http://www.bom.gov.au/fwo/IDQ60901/IDQ60901.94564.json,94564,1228,2,FALSE,TRUE
Gympie,http://www.bom.gov.au/fwo/IDQ60901/IDQ60901.94566.json,94566,1233,2,FALSE,TRUE
Amberley,http://www.bom.gov.au/fwo/IDQ60901/IDQ60901.94568.json,94568,1238,2,FALSE,TRUE
Maroochydore,http://www.bom.gov.au/fwo/IDQ60901/IDQ60901.94569.json,94569,1243,1,FALSE,TRUE
Tewantin,http://www.bom.gov.au/fwo/IDQ60901/IDQ60901.94570.json,94570,1248,1,FALSE,TRUE
Archerfield,http://www.bom.gov.au/fwo/IDQ60901/IDQ60901.94575.json,94575,1253,5,FALSE,TRUE
Brisbane,http://www.bom.gov.au/fwo/IDQ60901/IDQ60901.94576.json,94576,1258,1,FALSE,TRUE
Hinze Dam,http://www.bom.gov.au/fwo/IDQ60901/IDQ60901.94577.json,94577,1263,1,FALSE,TRUE
Brisbane Airport,http://www.bom.gov.au/fwo/IDQ60901/IDQ60901.94578.json,94578,1268,1,FALSE,TRUE
Gold Coast Seaway,http://www.bom.gov.au/fwo/IDQ60901/IDQ60901.94580.json,94580,1273,2,FALSE,TRUE
Spitfire Channel,http://www.bom.gov.au/fwo/IDQ60901/IDQ60901.94581.json,94581,1278,1,FALSE,TRUE
Double Island  Point,http://www.bom.gov.au/fwo/IDQ60901/IDQ60901.94584.json,94584,1283,3,FALSE,TRUE
Inner Beacon,http://www.bom.gov.au/fwo/IDQ60901/IDQ60901.94590.json,94590,1288,6,FALSE,TRUE
Banana Bank,http://www.bom.gov.au/fwo/IDQ60901/IDQ60901.94591.json,94591,1293,1,FALSE,TRUE
Coolangatta,http://www.bom.gov.au/fwo/IDQ60901/IDQ60901.94592.json,94592,1298,1,FALSE,TRUE
Point Lookout,http://www.bom.gov.au/fwo/IDQ60901/IDQ60901.94593.json,94593,1303,1,FALSE,TRUE
Cape Moreton,http://www.bom.gov.au/fwo/IDQ60901/IDQ60901.94594.json,94594,1308,1,FALSE,TRUE
Redlands,http://www.bom.gov.au/fwo/IDQ60901/IDQ60901.94597.json,94597,1313,3,FALSE,TRUE
Toowoomba,http://www.bom.gov.au/fwo/IDQ60901/IDQ60901.95551.json,95551,1318,954,FALSE,TRUE
Beerburrum,http://www.bom.gov.au/fwo/IDQ60901/IDQ60901.95566.json,95566,1323,15,FALSE,TRUE
Nambour,http://www.bom.gov.au/fwo/IDQ60901/IDQ60901.95572.json,95572,1328,6,FALSE,TRUE
Beaudesert AWS,http://www.bom.gov.au/fwo/IDQ60901/IDQ60901.95575.json,95575,1333,3,FALSE,TRUE
Logan City,http://www.bom.gov.au/fwo/IDQ60901/IDQ60901.95581.json,95581,1338,6,FALSE,TRUE
Redcliffe,http://www.bom.gov.au/fwo/IDQ60901/IDQ60901.95591.json,95591,1343,10,FALSE,TRUE
Wellcamp Airport,http://www.bom.gov.au/fwo/IDQ60901/IDQ60901.99435.json,99435,1348,3844,FALSE,TRUE
Ernabella/Pukatja,http://www.bom.gov.au/fwo/IDS60801/IDS60801.94474.json,94474,1353,-4961,FALSE,TRUE
Oodnadatta,http://www.bom.gov.au/fwo/IDS60801/IDS60801.94476.json,94476,1355,2,FALSE,TRUE
Marla,http://www.bom.gov.au/fwo/IDS60801/IDS60801.94477.json,94477,1357,1,FALSE,TRUE
Nullarbor,http://www.bom.gov.au/fwo/IDS60801/IDS60801.94651.json,94651,1358,174,FALSE,TRUE
Ceduna,http://www.bom.gov.au/fwo/IDS60801/IDS60801.94653.json,94653,1360,2,FALSE,TRUE
Streaky Bay,http://www.bom.gov.au/fwo/IDS60801/IDS60801.94654.json,94654,1362,1,FALSE,TRUE
Tarcoola,http://www.bom.gov.au/fwo/IDS60801/IDS60801.94655.json,94655,1364,1,FALSE,TRUE
Elliston,http://www.bom.gov.au/fwo/IDS60801/IDS60801.94656.json,94656,1366,1,FALSE,TRUE
Kyancutta,http://www.bom.gov.au/fwo/IDS60801/IDS60801.94657.json,94657,1368,1,FALSE,TRUE
Coles Point,http://www.bom.gov.au/fwo/IDS60801/IDS60801.94658.json,94658,1370,1,FALSE,TRUE
Woomera,http://www.bom.gov.au/fwo/IDS60801/IDS60801.94659.json,94659,1372,1,FALSE,TRUE
Mount Ive,http://www.bom.gov.au/fwo/IDS60801/IDS60801.94660.json,94660,1374,1,FALSE,TRUE
Cleve,http://www.bom.gov.au/fwo/IDS60801/IDS60801.94661.json,94661,1376,1,FALSE,TRUE
Cleve Airport,http://www.bom.gov.au/fwo/IDS60801/IDS60801.94662.json,94662,1378,1,FALSE,TRUE
Warooka,http://www.bom.gov.au/fwo/IDS60801/IDS60801.94663.json,94663,1380,1,FALSE,TRUE
Maitland,http://www.bom.gov.au/fwo/IDS60801/IDS60801.94665.json,94665,1382,2,FALSE,TRUE
Warburto Point,http://www.bom.gov.au/fwo/IDS60801/IDS60801.94666.json,94666,1384,1,FALSE,TRUE
Kimba,http://www.bom.gov.au/fwo/IDS60801/IDS60801.94668.json,94668,1386,2,FALSE,TRUE
Adelaide Airport,http://www.bom.gov.au/fwo/IDS60801/IDS60801.94672.json,94672,1388,4,FALSE,TRUE
Hawker,http://www.bom.gov.au/fwo/IDS60801/IDS60801.94673.json,94673,1390,1,FALSE,TRUE
Leigh Creek,http://www.bom.gov.au/fwo/IDS60801/IDS60801.94674.json,94674,1392,1,FALSE,TRUE
Adelaide,http://www.bom.gov.au/fwo/IDS60801/IDS60801.94675.json,94675,1394,1,FALSE,TRUE
Arkaroola,http://www.bom.gov.au/fwo/IDS60801/IDS60801.94676.json,94676,1396,1,FALSE,TRUE
Hindmarsh Island,http://www.bom.gov.au/fwo/IDS60801/IDS60801.94677.json,94677,1398,1,FALSE,TRUE
Mount Crawford,http://www.bom.gov.au/fwo/IDS60801/IDS60801.94678.json,94678,1400,1,FALSE,TRUE
Yongala,http://www.bom.gov.au/fwo/IDS60801/IDS60801.94679.json,94679,1402,1,FALSE,TRUE
Eudunda,http://www.bom.gov.au/fwo/IDS60801/IDS60801.94680.json,94680,1404,1,FALSE,TRUE
Nuriootpa,http://www.bom.gov.au/fwo/IDS60801/IDS60801.94681.json,94681,1406,1,FALSE,TRUE
Loxton,http://www.bom.gov.au/fwo/IDS60801/IDS60801.94682.json,94682,1408,1,FALSE,TRUE
Kuitpo,http://www.bom.gov.au/fwo/IDS60801/IDS60801.94683.json,94683,1410,1,FALSE,TRUE
Yunta,http://www.bom.gov.au/fwo/IDS60801/IDS60801.94684.json,94684,1412,1,FALSE,TRUE
Kadina,http://www.bom.gov.au/fwo/IDS60801/IDS60801.94685.json,94685,1414,1,FALSE,TRUE
Lameroo AWS,http://www.bom.gov.au/fwo/IDS60801/IDS60801.94690.json,94690,1416,5,FALSE,TRUE
Neptune Island,http://www.bom.gov.au/fwo/IDS60801/IDS60801.94804.json,94804,1418,114,FALSE,TRUE
Mount Barker,http://www.bom.gov.au/fwo/IDS60801/IDS60801.94806.json,94806,1420,2,FALSE,TRUE
Parndana,http://www.bom.gov.au/fwo/IDS60801/IDS60801.94807.json,94807,1422,1,FALSE,TRUE
Noarlunga,http://www.bom.gov.au/fwo/IDS60801/IDS60801.94808.json,94808,1424,1,FALSE,TRUE
Edithburgh,http://www.bom.gov.au/fwo/IDS60801/IDS60801.94809.json,94809,1426,1,FALSE,TRUE
Parawa West,http://www.bom.gov.au/fwo/IDS60801/IDS60801.94811.json,94811,1428,2,FALSE,TRUE
Cape Jaffa,http://www.bom.gov.au/fwo/IDS60801/IDS60801.94813.json,94813,1430,2,FALSE,TRUE
Strathalbyn,http://www.bom.gov.au/fwo/IDS60801/IDS60801.94814.json,94814,1432,1,FALSE,TRUE
Keith,http://www.bom.gov.au/fwo/IDS60801/IDS60801.94816.json,94816,1434,2,FALSE,TRUE
Coonawarra,http://www.bom.gov.au/fwo/IDS60801/IDS60801.94817.json,94817,1436,1,FALSE,TRUE
Naracoorte,http://www.bom.gov.au/fwo/IDS60801/IDS60801.94820.json,94820,1438,3,FALSE,TRUE
Mount Gambier,http://www.bom.gov.au/fwo/IDS60801/IDS60801.94821.json,94821,1440,1,FALSE,TRUE
Cape Willoughby,http://www.bom.gov.au/fwo/IDS60801/IDS60801.94822.json,94822,1442,1,FALSE,TRUE
Coober Pedy Airport,http://www.bom.gov.au/fwo/IDS60801/IDS60801.95458.json,95458,1444,636,FALSE,TRUE
Marree Airport,http://www.bom.gov.au/fwo/IDS60801/IDS60801.95480.json,95480,1446,22,FALSE,TRUE
Moomba Airport,http://www.bom.gov.au/fwo/IDS60801/IDS60801.95481.json,95481,1448,1,FALSE,TRUE
Thevenard,http://www.bom.gov.au/fwo/IDS60801/IDS60801.95653.json,95653,1450,172,FALSE,TRUE
Wudinna Airport,http://www.bom.gov.au/fwo/IDS60801/IDS60801.95654.json,95654,1452,1,FALSE,TRUE
Port Pirie Airport,http://www.bom.gov.au/fwo/IDS60801/IDS60801.95657.json,95657,1454,3,FALSE,TRUE
Roxby Downs,http://www.bom.gov.au/fwo/IDS60801/IDS60801.95658.json,95658,1456,1,FALSE,TRUE
Minlaton Airport,http://www.bom.gov.au/fwo/IDS60801/IDS60801.95659.json,95659,1458,1,FALSE,TRUE
Andamooka,http://www.bom.gov.au/fwo/IDS60801/IDS60801.95660.json,95660,1460,1,FALSE,TRUE
Port Lincoln Airport,http://www.bom.gov.au/fwo/IDS60801/IDS60801.95661.json,95661,1462,1,FALSE,TRUE
Minnipa RS,http://www.bom.gov.au/fwo/IDS60801/IDS60801.95662.json,95662,1464,1,FALSE,TRUE
Cummins Airport,http://www.bom.gov.au/fwo/IDS60801/IDS60801.95663.json,95663,1466,1,FALSE,TRUE
Whyalla,http://www.bom.gov.au/fwo/IDS60801/IDS60801.95664.json,95664,1468,1,FALSE,TRUE
Port Augusta,http://www.bom.gov.au/fwo/IDS60801/IDS60801.95666.json,95666,1470,2,FALSE,TRUE
Clare,http://www.bom.gov.au/fwo/IDS60801/IDS60801.95667.json,95667,1472,1,FALSE,TRUE
Gluepot,http://www.bom.gov.au/fwo/IDS60801/IDS60801.95668.json,95668,1474,1,FALSE,TRUE
Price,http://www.bom.gov.au/fwo/IDS60801/IDS60801.95669.json,95669,1476,1,FALSE,TRUE
Snowtown,http://www.bom.gov.au/fwo/IDS60801/IDS60801.95670.json,95670,1478,1,FALSE,TRUE
Roseworthy,http://www.bom.gov.au/fwo/IDS60801/IDS60801.95671.json,95671,1480,1,FALSE,TRUE
Turretfield,http://www.bom.gov.au/fwo/IDS60801/IDS60801.95674.json,95674,1482,3,FALSE,TRUE
Outer Harbor (Black Pole),http://www.bom.gov.au/fwo/IDS60801/IDS60801.95675.json,95675,1484,1,FALSE,TRUE
Edinburgh,http://www.bom.gov.au/fwo/IDS60801/IDS60801.95676.json,95676,1486,1,FALSE,TRUE
Parafield,http://www.bom.gov.au/fwo/IDS60801/IDS60801.95677.json,95677,1488,1,FALSE,TRUE
Mount Lofty,http://www.bom.gov.au/fwo/IDS60801/IDS60801.95678.json,95678,1490,1,FALSE,TRUE
Sellicks Hill,http://www.bom.gov.au/fwo/IDS60801/IDS60801.95679.json,95679,1492,1,FALSE,TRUE
Renmark Airport,http://www.bom.gov.au/fwo/IDS60801/IDS60801.95687.json,95687,1494,8,FALSE,TRUE
Cape Borda,http://www.bom.gov.au/fwo/IDS60801/IDS60801.95805.json,95805,1496,118,FALSE,TRUE
Stenhouse Bay,http://www.bom.gov.au/fwo/IDS60801/IDS60801.95806.json,95806,1498,1,FALSE,TRUE
Kingscote,http://www.bom.gov.au/fwo/IDS60801/IDS60801.95807.json,95807,1500,1,FALSE,TRUE
Victor Harbor,http://www.bom.gov.au/fwo/IDS60801/IDS60801.95811.json,95811,1502,4,FALSE,TRUE
Murray Bridge,http://www.bom.gov.au/fwo/IDS60801/IDS60801.95812.json,95812,1504,1,FALSE,TRUE
Karoonda,http://www.bom.gov.au/fwo/IDS60801/IDS60801.95813.json,95813,1506,1,FALSE,TRUE
Meningie,http://www.bom.gov.au/fwo/IDS60801/IDS60801.95814.json,95814,1508,1,FALSE,TRUE
Keith West,http://www.bom.gov.au/fwo/IDS60801/IDS60801.95815.json,95815,1510,1,FALSE,TRUE
Robe Airport,http://www.bom.gov.au/fwo/IDS60801/IDS60801.95816.json,95816,1512,1,FALSE,TRUE
Pallamana,http://www.bom.gov.au/fwo/IDS60801/IDS60801.95818.json,95818,1514,2,FALSE,TRUE
Padthaway,http://www.bom.gov.au/fwo/IDS60801/IDS60801.95823.json,95823,1516,5,FALSE,TRUE
CFS Mobile A,http://www.bom.gov.au/fwo/IDS60801/IDS60801.99058.json,99058,1518,3235,FALSE,TRUE
CFS Mobile B,http://www.bom.gov.au/fwo/IDS60801/IDS60801.99059.json,99059,1520,1,FALSE,TRUE
CFS Mobile C,http://www.bom.gov.au/fwo/IDS60801/IDS60801.99060.json,99060,1522,1,FALSE,TRUE
CFS Mobile E,http://www.bom.gov.au/fwo/IDS60801/IDS60801.99061.json,99061,1524,1,FALSE,TRUE
Port Pirie Airport AWS,http://www.bom.gov.au/fwo/IDS60801/IDS60801.99749.json,99749,1526,688,FALSE,TRUE
Adelaide Airport,http://www.bom.gov.au/fwo/IDS60901/IDS60901.94672.json,94672,1528,-5077,FALSE,TRUE
Adelaide,http://www.bom.gov.au/fwo/IDS60901/IDS60901.94675.json,94675,1533,3,FALSE,TRUE
Hindmarsh Island,http://www.bom.gov.au/fwo/IDS60901/IDS60901.94677.json,94677,1538,2,FALSE,TRUE
Mount Crawford,http://www.bom.gov.au/fwo/IDS60901/IDS60901.94678.json,94678,1543,1,FALSE,TRUE
Nuriootpa,http://www.bom.gov.au/fwo/IDS60901/IDS60901.94681.json,94681,1548,3,FALSE,TRUE
Kuitpo,http://www.bom.gov.au/fwo/IDS60901/IDS60901.94683.json,94683,1553,2,FALSE,TRUE
Mount Barker,http://www.bom.gov.au/fwo/IDS60901/IDS60901.94806.json,94806,1558,123,FALSE,TRUE
Noarlunga,http://www.bom.gov.au/fwo/IDS60901/IDS60901.94808.json,94808,1563,2,FALSE,TRUE
Parawa West,http://www.bom.gov.au/fwo/IDS60901/IDS60901.94811.json,94811,1568,3,FALSE,TRUE
Strathalbyn,http://www.bom.gov.au/fwo/IDS60901/IDS60901.94814.json,94814,1573,3,FALSE,TRUE
Roseworthy,http://www.bom.gov.au/fwo/IDS60901/IDS60901.95671.json,95671,1578,857,FALSE,TRUE
Turretfield,http://www.bom.gov.au/fwo/IDS60901/IDS60901.95674.json,95674,1583,3,FALSE,TRUE
Outer Harbor (Black Pole),http://www.bom.gov.au/fwo/IDS60901/IDS60901.95675.json,95675,1588,1,FALSE,TRUE
Edinburgh,http://www.bom.gov.au/fwo/IDS60901/IDS60901.95676.json,95676,1593,1,FALSE,TRUE
Parafield,http://www.bom.gov.au/fwo/IDS60901/IDS60901.95677.json,95677,1598,1,FALSE,TRUE
Mount Lofty,http://www.bom.gov.au/fwo/IDS60901/IDS60901.95678.json,95678,1603,1,FALSE,TRUE
Sellicks Hill,http://www.bom.gov.au/fwo/IDS60901/IDS60901.95679.json,95679,1608,1,FALSE,TRUE
Victor Harbor,http://www.bom.gov.au/fwo/IDS60901/IDS60901.95811.json,95811,1613,132,FALSE,TRUE
Murray Bridge,http://www.bom.gov.au/fwo/IDS60901/IDS60901.95812.json,95812,1618,1,FALSE,TRUE
Pallamana,http://www.bom.gov.au/fwo/IDS60901/IDS60901.95818.json,95818,1623,6,FALSE,TRUE
King Island Airport,http://www.bom.gov.au/fwo/IDT60801/IDT60801.94850.json,94850,1628,-968,FALSE,TRUE
Hogan Island,http://www.bom.gov.au/fwo/IDT60801/IDT60801.94949.json,94949,1630,99,FALSE,TRUE
Marrawah,http://www.bom.gov.au/fwo/IDT60801/IDT60801.94950.json,94950,1632,1,FALSE,TRUE
Dunalley,http://www.bom.gov.au/fwo/IDT60801/IDT60801.94951.json,94951,1634,1,FALSE,TRUE
Smithton,http://www.bom.gov.au/fwo/IDT60801/IDT60801.94953.json,94953,1636,2,FALSE,TRUE
Sheffield,http://www.bom.gov.au/fwo/IDT60801/IDT60801.94955.json,94955,1638,2,FALSE,TRUE
Strahan,http://www.bom.gov.au/fwo/IDT60801/IDT60801.94956.json,94956,1640,1,FALSE,TRUE
Ouse,http://www.bom.gov.au/fwo/IDT60801/IDT60801.94957.json,94957,1642,1,FALSE,TRUE
Burnie,http://www.bom.gov.au/fwo/IDT60801/IDT60801.94958.json,94958,1644,1,FALSE,TRUE
Butlers Gorge,http://www.bom.gov.au/fwo/IDT60801/IDT60801.94959.json,94959,1646,1,FALSE,TRUE
Tunnack,http://www.bom.gov.au/fwo/IDT60801/IDT60801.94960.json,94960,1648,1,FALSE,TRUE
Dover,http://www.bom.gov.au/fwo/IDT60801/IDT60801.94961.json,94961,1650,1,FALSE,TRUE
Maatsuyker Island,http://www.bom.gov.au/fwo/IDT60801/IDT60801.94962.json,94962,1652,1,FALSE,TRUE
Maydena,http://www.bom.gov.au/fwo/IDT60801/IDT60801.94963.json,94963,1654,1,FALSE,TRUE
Bushy Park,http://www.bom.gov.au/fwo/IDT60801/IDT60801.94964.json,94964,1656,1,FALSE,TRUE
Geeveston,http://www.bom.gov.au/fwo/IDT60801/IDT60801.94966.json,94966,1658,2,FALSE,TRUE
Cape Bruny,http://www.bom.gov.au/fwo/IDT60801/IDT60801.94967.json,94967,1660,1,FALSE,TRUE
Launceston,http://www.bom.gov.au/fwo/IDT60801/IDT60801.94969.json,94969,1662,2,FALSE,TRUE
Hobart,http://www.bom.gov.au/fwo/IDT60801/IDT60801.94970.json,94970,1664,1,FALSE,TRUE
Melton Mowbray,http://www.bom.gov.au/fwo/IDT60801/IDT60801.94971.json,94971,1666,1,FALSE,TRUE
Scottsdale,http://www.bom.gov.au/fwo/IDT60801/IDT60801.94972.json,94972,1668,1,FALSE,TRUE
Cape Sorell,http://www.bom.gov.au/fwo/IDT60801/IDT60801.94974.json,94974,1670,2,FALSE,TRUE
Hobart Airport,http://www.bom.gov.au/fwo/IDT60801/IDT60801.94975.json,94975,1672,1,FALSE,TRUE
Lake St Clair,http://www.bom.gov.au/fwo/IDT60801/IDT60801.94976.json,94976,1674,1,FALSE,TRUE
Hartz Mountains,http://www.bom.gov.au/fwo/IDT60801/IDT60801.94977.json,94977,1676,1,FALSE,TRUE
Lake Leake,http://www.bom.gov.au/fwo/IDT60801/IDT60801.94979.json,94979,1678,2,FALSE,TRUE
Flinders Island Airport,http://www.bom.gov.au/fwo/IDT60801/IDT60801.94980.json,94980,1680,1,FALSE,TRUE
Swansea,http://www.bom.gov.au/fwo/IDT60801/IDT60801.94981.json,94981,1682,1,FALSE,TRUE
Larapuna (Eddystone Point),http://www.bom.gov.au/fwo/IDT60801/IDT60801.94983.json,94983,1684,2,FALSE,TRUE
Ross,http://www.bom.gov.au/fwo/IDT60801/IDT60801.94985.json,94985,1686,2,FALSE,TRUE
Friendly Beaches,http://www.bom.gov.au/fwo/IDT60801/IDT60801.94987.json,94987,1688,2,FALSE,TRUE
Dennes Point,http://www.bom.gov.au/fwo/IDT60801/IDT60801.94988.json,94988,1690,1,FALSE,TRUE
Macquarie Island,http://www.bom.gov.au/fwo/IDT60801/IDT60801.94998.json,94998,1692,10,FALSE,TRUE
Mount Read,http://www.bom.gov.au/fwo/IDT60801/IDT60801.95952.json,95952,1694,954,FALSE,TRUE
Strathgordon,http://www.bom.gov.au/fwo/IDT60801/IDT60801.95953.json,95953,1696,1,FALSE,TRUE
Cape Grim,http://www.bom.gov.au/fwo/IDT60801/IDT60801.95954.json,95954,1698,1,FALSE,TRUE
Luncheon Hill,http://www.bom.gov.au/fwo/IDT60801/IDT60801.95956.json,95956,1700,2,FALSE,TRUE
Wynyard,http://www.bom.gov.au/fwo/IDT60801/IDT60801.95957.json,95957,1702,1,FALSE,TRUE
Scotts Peak,http://www.bom.gov.au/fwo/IDT60801/IDT60801.95958.json,95958,1704,1,FALSE,TRUE
Liawenee,http://www.bom.gov.au/fwo/IDT60801/IDT60801.95959.json,95959,1706,1,FALSE,TRUE
Devonport Airport,http://www.bom.gov.au/fwo/IDT60801/IDT60801.95960.json,95960,1708,1,FALSE,TRUE
Low Rocky Point,http://www.bom.gov.au/fwo/IDT60801/IDT60801.95961.json,95961,1710,1,FALSE,TRUE
Warra,http://www.bom.gov.au/fwo/IDT60801/IDT60801.95962.json,95962,1712,1,FALSE,TRUE
Burnie Port,http://www.bom.gov.au/fwo/IDT60801/IDT60801.95963.json,95963,1714,1,FALSE,TRUE
Low Head,http://www.bom.gov.au/fwo/IDT60801/IDT60801.95964.json,95964,1716,1,FALSE,TRUE
Launceston Airport,http://www.bom.gov.au/fwo/IDT60801/IDT60801.95966.json,95966,1718,2,FALSE,TRUE
Cape Bruny AWS,http://www.bom.gov.au/fwo/IDT60801/IDT60801.95967.json,95967,1720,1,FALSE,TRUE
Cressy,http://www.bom.gov.au/fwo/IDT60801/IDT60801.95969.json,95969,1722,2,FALSE,TRUE
Campania,http://www.bom.gov.au/fwo/IDT60801/IDT60801.95972.json,95972,1724,3,FALSE,TRUE
Bridport,http://www.bom.gov.au/fwo/IDT60801/IDT60801.95973.json,95973,1726,1,FALSE,TRUE
Fingal,http://www.bom.gov.au/fwo/IDT60801/IDT60801.95974.json,95974,1728,1,FALSE,TRUE
Grove,http://www.bom.gov.au/fwo/IDT60801/IDT60801.95977.json,95977,1730,3,FALSE,TRUE
kunanyi / Mount Wellington,http://www.bom.gov.au/fwo/IDT60801/IDT60801.95979.json,95979,1732,2,FALSE,TRUE
St Helens,http://www.bom.gov.au/fwo/IDT60801/IDT60801.95981.json,95981,1734,2,FALSE,TRUE
Orford,http://www.bom.gov.au/fwo/IDT60801/IDT60801.95984.json,95984,1736,3,FALSE,TRUE
Swan Island,http://www.bom.gov.au/fwo/IDT60801/IDT60801.95985.json,95985,1738,1,FALSE,TRUE
Tasman Island,http://www.bom.gov.au/fwo/IDT60801/IDT60801.95986.json,95986,1740,1,FALSE,TRUE
Spring Bay,http://www.bom.gov.au/fwo/IDT60801/IDT60801.95987.json,95987,1742,1,FALSE,TRUE
Maria Island,http://www.bom.gov.au/fwo/IDT60801/IDT60801.95988.json,95988,1744,1,FALSE,TRUE
Bicheno,http://www.bom.gov.au/fwo/IDT60801/IDT60801.95989.json,95989,1746,1,FALSE,TRUE
Princes Range,http://www.bom.gov.au/fwo/IDT60801/IDT60801.99047.json,99047,1748,3058,FALSE,TRUE
Arthur River (Wuthering Heights Rd),http://www.bom.gov.au/fwo/IDT60801/IDT60801.99048.json,99048,1749,1,FALSE,TRUE
Mt Cullen,http://www.bom.gov.au/fwo/IDT60801/IDT60801.99049.json,99049,1750,1,FALSE,TRUE
Savage River Mine,http://www.bom.gov.au/fwo/IDT60801/IDT60801.99050.json,99050,1751,1,FALSE,TRUE
PORTABLE RFSNSW05,http://www.bom.gov.au/fwo/IDT60801/IDT60801.99108.json,99108,1752,58,FALSE,TRUE
PORTABLE RFSNSW06,http://www.bom.gov.au/fwo/IDT60801/IDT60801.99109.json,99109,1753,1,FALSE,TRUE
Mueller Ridge,http://www.bom.gov.au/fwo/IDT60801/IDT60801.99975.json,99975,1754,866,FALSE,TRUE
Razorback,http://www.bom.gov.au/fwo/IDT60801/IDT60801.99976.json,99976,1756,1,FALSE,TRUE
Upper Russell,http://www.bom.gov.au/fwo/IDT60801/IDT60801.99977.json,99977,1758,1,FALSE,TRUE
No Portable Station,http://www.bom.gov.au/fwo/IDT60801/IDT60801.99999.json,99999,1760,22,FALSE,TRUE
Macquarie Island*,http://www.bom.gov.au/fwo/IDT60803/IDT60803.94998.json,94998,1762,-5001,FALSE,TRUE
Dunalley,http://www.bom.gov.au/fwo/IDT60901/IDT60901.94951.json,94951,1764,-47,FALSE,TRUE
Dover,http://www.bom.gov.au/fwo/IDT60901/IDT60901.94961.json,94961,1769,10,FALSE,TRUE
Bushy Park,http://www.bom.gov.au/fwo/IDT60901/IDT60901.94964.json,94964,1774,3,FALSE,TRUE
Geeveston,http://www.bom.gov.au/fwo/IDT60901/IDT60901.94966.json,94966,1779,2,FALSE,TRUE
Cape Bruny,http://www.bom.gov.au/fwo/IDT60901/IDT60901.94967.json,94967,1784,1,FALSE,TRUE
Hobart,http://www.bom.gov.au/fwo/IDT60901/IDT60901.94970.json,94970,1789,3,FALSE,TRUE
Hobart Airport,http://www.bom.gov.au/fwo/IDT60901/IDT60901.94975.json,94975,1794,5,FALSE,TRUE
Dennes Point,http://www.bom.gov.au/fwo/IDT60901/IDT60901.94988.json,94988,1799,13,FALSE,TRUE
Cape Bruny AWS,http://www.bom.gov.au/fwo/IDT60901/IDT60901.95967.json,95967,1804,979,FALSE,TRUE
Campania,http://www.bom.gov.au/fwo/IDT60901/IDT60901.95972.json,95972,1809,5,FALSE,TRUE
Grove,http://www.bom.gov.au/fwo/IDT60901/IDT60901.95977.json,95977,1814,5,FALSE,TRUE
kunanyi / Mount Wellington,http://www.bom.gov.au/fwo/IDT60901/IDT60901.95979.json,95979,1819,2,FALSE,TRUE
Orford,http://www.bom.gov.au/fwo/IDT60901/IDT60901.95984.json,95984,1824,5,FALSE,TRUE
Tasman Island,http://www.bom.gov.au/fwo/IDT60901/IDT60901.95986.json,95986,1829,2,FALSE,TRUE
Maria Island,http://www.bom.gov.au/fwo/IDT60901/IDT60901.95988.json,95988,1834,2,FALSE,TRUE
Droughty Hill,http://www.bom.gov.au/fwo/IDT60901/IDT60901.99971.json,99971,1839,3983,FALSE,TRUE
Mildura,http://www.bom.gov.au/fwo/IDV60801/IDV60801.94693.json,94693,1844,-5278,FALSE,TRUE
Heywood,http://www.bom.gov.au/fwo/IDV60801/IDV60801.94824.json,94824,1846,131,FALSE,TRUE
Cape Nelson,http://www.bom.gov.au/fwo/IDV60801/IDV60801.94826.json,94826,1848,2,FALSE,TRUE
Nhill Aerodrome,http://www.bom.gov.au/fwo/IDV60801/IDV60801.94827.json,94827,1850,1,FALSE,TRUE
Portland Airport,http://www.bom.gov.au/fwo/IDV60801/IDV60801.94828.json,94828,1852,1,FALSE,TRUE
Hamilton,http://www.bom.gov.au/fwo/IDV60801/IDV60801.94829.json,94829,1854,1,FALSE,TRUE
Port Fairy,http://www.bom.gov.au/fwo/IDV60801/IDV60801.94830.json,94830,1856,1,FALSE,TRUE
Ouyen,http://www.bom.gov.au/fwo/IDV60801/IDV60801.94831.json,94831,1858,1,FALSE,TRUE
Mount William,http://www.bom.gov.au/fwo/IDV60801/IDV60801.94833.json,94833,1860,2,FALSE,TRUE
Ararat,http://www.bom.gov.au/fwo/IDV60801/IDV60801.94834.json,94834,1862,1,FALSE,TRUE
Ben Nevis,http://www.bom.gov.au/fwo/IDV60801/IDV60801.94835.json,94835,1864,1,FALSE,TRUE
Stawell,http://www.bom.gov.au/fwo/IDV60801/IDV60801.94836.json,94836,1866,1,FALSE,TRUE
Warrnambool,http://www.bom.gov.au/fwo/IDV60801/IDV60801.94837.json,94837,1868,1,FALSE,TRUE
Hopetoun Airport,http://www.bom.gov.au/fwo/IDV60801/IDV60801.94838.json,94838,1870,1,FALSE,TRUE
Charlton,http://www.bom.gov.au/fwo/IDV60801/IDV60801.94839.json,94839,1872,1,FALSE,TRUE
Mortlake,http://www.bom.gov.au/fwo/IDV60801/IDV60801.94840.json,94840,1874,1,FALSE,TRUE
Warracknabeal,http://www.bom.gov.au/fwo/IDV60801/IDV60801.94841.json,94841,1876,1,FALSE,TRUE
Cape Otway,http://www.bom.gov.au/fwo/IDV60801/IDV60801.94842.json,94842,1878,1,FALSE,TRUE
Swan Hill,http://www.bom.gov.au/fwo/IDV60801/IDV60801.94843.json,94843,1880,1,FALSE,TRUE
Kerang,http://www.bom.gov.au/fwo/IDV60801/IDV60801.94844.json,94844,1882,1,FALSE,TRUE
Aireys Inlet,http://www.bom.gov.au/fwo/IDV60801/IDV60801.94846.json,94846,1884,2,FALSE,TRUE
Point Wilson,http://www.bom.gov.au/fwo/IDV60801/IDV60801.94847.json,94847,1886,1,FALSE,TRUE
Maryborough,http://www.bom.gov.au/fwo/IDV60801/IDV60801.94849.json,94849,1888,2,FALSE,TRUE
Ballarat,http://www.bom.gov.au/fwo/IDV60801/IDV60801.94852.json,94852,1890,3,FALSE,TRUE
South Channel Island,http://www.bom.gov.au/fwo/IDV60801/IDV60801.94853.json,94853,1892,1,FALSE,TRUE
Avalon,http://www.bom.gov.au/fwo/IDV60801/IDV60801.94854.json,94854,1894,1,FALSE,TRUE
Bendigo,http://www.bom.gov.au/fwo/IDV60801/IDV60801.94855.json,94855,1896,1,FALSE,TRUE
Geelong Racecourse,http://www.bom.gov.au/fwo/IDV60801/IDV60801.94857.json,94857,1898,2,FALSE,TRUE
Redesdale,http://www.bom.gov.au/fwo/IDV60801/IDV60801.94859.json,94859,1900,2,FALSE,TRUE
Kilmore Gap,http://www.bom.gov.au/fwo/IDV60801/IDV60801.94860.json,94860,1902,1,FALSE,TRUE
Echuca,http://www.bom.gov.au/fwo/IDV60801/IDV60801.94861.json,94861,1904,1,FALSE,TRUE
Yarrawonga,http://www.bom.gov.au/fwo/IDV60801/IDV60801.94862.json,94862,1906,1,FALSE,TRUE
Sheoaks,http://www.bom.gov.au/fwo/IDV60801/IDV60801.94863.json,94863,1908,1,FALSE,TRUE
Coldstream,http://www.bom.gov.au/fwo/IDV60801/IDV60801.94864.json,94864,1910,1,FALSE,TRUE
Laverton,http://www.bom.gov.au/fwo/IDV60801/IDV60801.94865.json,94865,1912,1,FALSE,TRUE
Melbourne Airport,http://www.bom.gov.au/fwo/IDV60801/IDV60801.94866.json,94866,1914,1,FALSE,TRUE
Moorabbin Airport,http://www.bom.gov.au/fwo/IDV60801/IDV60801.94870.json,94870,1916,4,FALSE,TRUE
Frankston,http://www.bom.gov.au/fwo/IDV60801/IDV60801.94871.json,94871,1918,1,FALSE,TRUE
Ferny Creek,http://www.bom.gov.au/fwo/IDV60801/IDV60801.94872.json,94872,1920,1,FALSE,TRUE
Mangalore,http://www.bom.gov.au/fwo/IDV60801/IDV60801.94874.json,94874,1922,2,FALSE,TRUE
Shepparton,http://www.bom.gov.au/fwo/IDV60801/IDV60801.94875.json,94875,1924,1,FALSE,TRUE
Hunters Hill,http://www.bom.gov.au/fwo/IDV60801/IDV60801.94878.json,94878,1926,3,FALSE,TRUE
Cranbourne,http://www.bom.gov.au/fwo/IDV60801/IDV60801.94879.json,94879,1928,1,FALSE,TRUE
Noojee,http://www.bom.gov.au/fwo/IDV60801/IDV60801.94880.json,94880,1930,1,FALSE,TRUE
Eildon Fire Tower,http://www.bom.gov.au/fwo/IDV60801/IDV60801.94881.json,94881,1932,1,FALSE,TRUE
Lake Eildon,http://www.bom.gov.au/fwo/IDV60801/IDV60801.94882.json,94882,1934,1,FALSE,TRUE
Phillip Island,http://www.bom.gov.au/fwo/IDV60801/IDV60801.94883.json,94883,1936,1,FALSE,TRUE
Benalla,http://www.bom.gov.au/fwo/IDV60801/IDV60801.94884.json,94884,1938,1,FALSE,TRUE
Pound Creek,http://www.bom.gov.au/fwo/IDV60801/IDV60801.94886.json,94886,1940,2,FALSE,TRUE
Lake Dartmouth,http://www.bom.gov.au/fwo/IDV60801/IDV60801.94888.json,94888,1942,2,FALSE,TRUE
Wangaratta,http://www.bom.gov.au/fwo/IDV60801/IDV60801.94889.json,94889,1944,1,FALSE,TRUE
Latrobe Valley,http://www.bom.gov.au/fwo/IDV60801/IDV60801.94891.json,94891,1946,2,FALSE,TRUE
Rhyll,http://www.bom.gov.au/fwo/IDV60801/IDV60801.94892.json,94892,1948,1,FALSE,TRUE
Wilsons Promontory,http://www.bom.gov.au/fwo/IDV60801/IDV60801.94893.json,94893,1950,1,FALSE,TRUE
Mount Buller,http://www.bom.gov.au/fwo/IDV60801/IDV60801.94894.json,94894,1952,1,FALSE,TRUE
Beechworth,http://www.bom.gov.au/fwo/IDV60801/IDV60801.94895.json,94895,1954,1,FALSE,TRUE
Cerberus,http://www.bom.gov.au/fwo/IDV60801/IDV60801.94898.json,94898,1956,3,FALSE,TRUE
Corryong Airport,http://www.bom.gov.au/fwo/IDV60801/IDV60801.94899.json,94899,1958,1,FALSE,TRUE
Willow Grove,http://www.bom.gov.au/fwo/IDV60801/IDV60801.94900.json,94900,1960,1,FALSE,TRUE
Falls Creek,http://www.bom.gov.au/fwo/IDV60801/IDV60801.94903.json,94903,1962,3,FALSE,TRUE
Mount Hotham Airport,http://www.bom.gov.au/fwo/IDV60801/IDV60801.94905.json,94905,1964,2,FALSE,TRUE
Mount Hotham,http://www.bom.gov.au/fwo/IDV60801/IDV60801.94906.json,94906,1966,1,FALSE,TRUE
East Sale,http://www.bom.gov.au/fwo/IDV60801/IDV60801.94907.json,94907,1968,1,FALSE,TRUE
Omeo,http://www.bom.gov.au/fwo/IDV60801/IDV60801.94908.json,94908,1970,1,FALSE,TRUE
Yanakie,http://www.bom.gov.au/fwo/IDV60801/IDV60801.94911.json,94911,1972,3,FALSE,TRUE
Bairnsdale,http://www.bom.gov.au/fwo/IDV60801/IDV60801.94912.json,94912,1974,1,FALSE,TRUE
Gelantipy,http://www.bom.gov.au/fwo/IDV60801/IDV60801.94913.json,94913,1976,1,FALSE,TRUE
Combienbar,http://www.bom.gov.au/fwo/IDV60801/IDV60801.94914.json,94914,1978,1,FALSE,TRUE
Warracknabeal Airport,http://www.bom.gov.au/fwo/IDV60801/IDV60801.94920.json,94920,1980,6,FALSE,TRUE
Mount Nowa Nowa,http://www.bom.gov.au/fwo/IDV60801/IDV60801.94930.json,94930,1982,10,FALSE,TRUE
Point Hicks,http://www.bom.gov.au/fwo/IDV60801/IDV60801.94932.json,94932,1984,2,FALSE,TRUE
Gabo Island,http://www.bom.gov.au/fwo/IDV60801/IDV60801.94933.json,94933,1986,1,FALSE,TRUE
Mallacoota,http://www.bom.gov.au/fwo/IDV60801/IDV60801.94935.json,94935,1988,2,FALSE,TRUE
Hogan Island,http://www.bom.gov.au/fwo/IDV60801/IDV60801.94949.json,94949,1990,14,FALSE,TRUE
Dartmoor,http://www.bom.gov.au/fwo/IDV60801/IDV60801.95822.json,95822,1992,873,FALSE,TRUE
Casterton,http://www.bom.gov.au/fwo/IDV60801/IDV60801.95825.json,95825,1994,3,FALSE,TRUE
Portland Harbour,http://www.bom.gov.au/fwo/IDV60801/IDV60801.95826.json,95826,1996,1,FALSE,TRUE
Kanagulk,http://www.bom.gov.au/fwo/IDV60801/IDV60801.95827.json,95827,1998,1,FALSE,TRUE
Nhill,http://www.bom.gov.au/fwo/IDV60801/IDV60801.95829.json,95829,2000,2,FALSE,TRUE
Walpeup,http://www.bom.gov.au/fwo/IDV60801/IDV60801.95831.json,95831,2002,2,FALSE,TRUE
Edenhope,http://www.bom.gov.au/fwo/IDV60801/IDV60801.95832.json,95832,2004,1,FALSE,TRUE
Kyabram,http://www.bom.gov.au/fwo/IDV60801/IDV60801.95833.json,95833,2006,1,FALSE,TRUE
Horsham,http://www.bom.gov.au/fwo/IDV60801/IDV60801.95834.json,95834,2008,1,FALSE,TRUE
Longerenong,http://www.bom.gov.au/fwo/IDV60801/IDV60801.95835.json,95835,2010,1,FALSE,TRUE
Tatura,http://www.bom.gov.au/fwo/IDV60801/IDV60801.95836.json,95836,2012,1,FALSE,TRUE
Rutherglen,http://www.bom.gov.au/fwo/IDV60801/IDV60801.95837.json,95837,2014,1,FALSE,TRUE
Edi Upper,http://www.bom.gov.au/fwo/IDV60801/IDV60801.95838.json,95838,2016,1,FALSE,TRUE
Horsham,http://www.bom.gov.au/fwo/IDV60801/IDV60801.95839.json,95839,2018,1,FALSE,TRUE
Westmere,http://www.bom.gov.au/fwo/IDV60801/IDV60801.95840.json,95840,2020,1,FALSE,TRUE
Strathbogie,http://www.bom.gov.au/fwo/IDV60801/IDV60801.95843.json,95843,2022,3,FALSE,TRUE
Mount Gellibrand,http://www.bom.gov.au/fwo/IDV60801/IDV60801.95845.json,95845,2024,2,FALSE,TRUE
Castlemaine,http://www.bom.gov.au/fwo/IDV60801/IDV60801.95853.json,95853,2026,8,FALSE,TRUE
Weeaproinah,http://www.bom.gov.au/fwo/IDV60801/IDV60801.95855.json,95855,2028,2,FALSE,TRUE
St Kilda Harbour RMYS,http://www.bom.gov.au/fwo/IDV60801/IDV60801.95864.json,95864,2030,9,FALSE,TRUE
Essendon Airport,http://www.bom.gov.au/fwo/IDV60801/IDV60801.95866.json,95866,2032,2,FALSE,TRUE
Scoresby,http://www.bom.gov.au/fwo/IDV60801/IDV60801.95867.json,95867,2034,1,FALSE,TRUE
Fawkner Beacon,http://www.bom.gov.au/fwo/IDV60801/IDV60801.95872.json,95872,2036,5,FALSE,TRUE
Bundoora,http://www.bom.gov.au/fwo/IDV60801/IDV60801.95873.json,95873,2038,1,FALSE,TRUE
Viewbank,http://www.bom.gov.au/fwo/IDV60801/IDV60801.95874.json,95874,2040,1,FALSE,TRUE
Wonthaggi,http://www.bom.gov.au/fwo/IDV60801/IDV60801.95881.json,95881,2042,7,FALSE,TRUE
Yarram Airport,http://www.bom.gov.au/fwo/IDV60801/IDV60801.95890.json,95890,2044,9,FALSE,TRUE
Albury,http://www.bom.gov.au/fwo/IDV60801/IDV60801.95896.json,95896,2046,6,FALSE,TRUE
Mount Baw Baw,http://www.bom.gov.au/fwo/IDV60801/IDV60801.95901.json,95901,2048,5,FALSE,TRUE
Lakes Entrance,http://www.bom.gov.au/fwo/IDV60801/IDV60801.95904.json,95904,2050,3,FALSE,TRUE
Mount Moornapa,http://www.bom.gov.au/fwo/IDV60801/IDV60801.95913.json,95913,2052,9,FALSE,TRUE
Orbost,http://www.bom.gov.au/fwo/IDV60801/IDV60801.95918.json,95918,2054,5,FALSE,TRUE
Melbourne (Olympic Park),http://www.bom.gov.au/fwo/IDV60801/IDV60801.95936.json,95936,2056,18,FALSE,TRUE
Wye River 2,http://www.bom.gov.au/fwo/IDV60801/IDV60801.99047.json,99047,2058,3111,FALSE,TRUE
Yanakie (South of Park Entrance),http://www.bom.gov.au/fwo/IDV60801/IDV60801.99048.json,99048,2059,1,FALSE,TRUE
Reefton,http://www.bom.gov.au/fwo/IDV60801/IDV60801.99049.json,99049,2060,1,FALSE,TRUE
Victoria Portable H,http://www.bom.gov.au/fwo/IDV60801/IDV60801.99050.json,99050,2061,1,FALSE,TRUE
Mt Avoca,http://www.bom.gov.au/fwo/IDV60801/IDV60801.99051.json,99051,2062,1,FALSE,TRUE
Mt Seldom Seen,http://www.bom.gov.au/fwo/IDV60801/IDV60801.99052.json,99052,2063,1,FALSE,TRUE
Dunkeld,http://www.bom.gov.au/fwo/IDV60801/IDV60801.99053.json,99053,2065,1,FALSE,TRUE
Ecklin South,http://www.bom.gov.au/fwo/IDV60801/IDV60801.99054.json,99054,2066,1,FALSE,TRUE
Victorian Portable L,http://www.bom.gov.au/fwo/IDV60801/IDV60801.99066.json,99066,2067,12,FALSE,TRUE
Warragul (Nilma North),http://www.bom.gov.au/fwo/IDV60801/IDV60801.99806.json,99806,2068,740,FALSE,TRUE
Wye River,http://www.bom.gov.au/fwo/IDV60801/IDV60801.99900.json,99900,2070,94,FALSE,TRUE
Wye River,http://www.bom.gov.au/fwo/IDV60801/IDV60801.99901.json,99901,2072,1,FALSE,TRUE
No Portable Station,http://www.bom.gov.au/fwo/IDV60801/IDV60801.99999.json,99999,2074,98,FALSE,TRUE
Point Wilson,http://www.bom.gov.au/fwo/IDV60901/IDV60901.94847.json,94847,2076,-5152,FALSE,TRUE
South Channel Island,http://www.bom.gov.au/fwo/IDV60901/IDV60901.94853.json,94853,2087,1,FALSE,TRUE
Avalon,http://www.bom.gov.au/fwo/IDV60901/IDV60901.94854.json,94854,2093,1,FALSE,TRUE
Geelong Racecourse,http://www.bom.gov.au/fwo/IDV60901/IDV60901.94857.json,94857,2101,1,FALSE,TRUE
Sheoaks,http://www.bom.gov.au/fwo/IDV60901/IDV60901.94863.json,94863,2112,1,FALSE,TRUE
Coldstream,http://www.bom.gov.au/fwo/IDV60901/IDV60901.94864.json,94864,2118,1,FALSE,TRUE
Laverton,http://www.bom.gov.au/fwo/IDV60901/IDV60901.94865.json,94865,2124,1,FALSE,TRUE
Melbourne Airport,http://www.bom.gov.au/fwo/IDV60901/IDV60901.94866.json,94866,2130,1,FALSE,TRUE
Moorabbin Airport,http://www.bom.gov.au/fwo/IDV60901/IDV60901.94870.json,94870,2139,1,FALSE,TRUE
Frankston,http://www.bom.gov.au/fwo/IDV60901/IDV60901.94871.json,94871,2145,1,FALSE,TRUE
Ferny Creek,http://www.bom.gov.au/fwo/IDV60901/IDV60901.94872.json,94872,2151,1,FALSE,TRUE
Cranbourne,http://www.bom.gov.au/fwo/IDV60901/IDV60901.94879.json,94879,2163,1,FALSE,TRUE
Phillip Island,http://www.bom.gov.au/fwo/IDV60901/IDV60901.94883.json,94883,2172,1,FALSE,TRUE
Rhyll,http://www.bom.gov.au/fwo/IDV60901/IDV60901.94892.json,94892,2186,1,FALSE,TRUE
Cerberus,http://www.bom.gov.au/fwo/IDV60901/IDV60901.94898.json,94898,2197,1,FALSE,TRUE
St Kilda Harbour RMYS,http://www.bom.gov.au/fwo/IDV60901/IDV60901.95864.json,95864,3168,1,FALSE,TRUE
Essendon Airport,http://www.bom.gov.au/fwo/IDV60901/IDV60901.95866.json,95866,3175,1,FALSE,TRUE
Scoresby,http://www.bom.gov.au/fwo/IDV60901/IDV60901.95867.json,95867,3181,1,FALSE,TRUE
Fawkner Beacon,http://www.bom.gov.au/fwo/IDV60901/IDV60901.95872.json,95872,3191,1,FALSE,TRUE
Bundoora,http://www.bom.gov.au/fwo/IDV60901/IDV60901.95873.json,95873,3197,1,FALSE,TRUE
Viewbank,http://www.bom.gov.au/fwo/IDV60901/IDV60901.95874.json,95874,3203,1,FALSE,TRUE
Melbourne (Olympic Park),http://www.bom.gov.au/fwo/IDV60901/IDV60901.95936.json,95936,3270,1,FALSE,TRUE
Kalumburu,http://www.bom.gov.au/fwo/IDW60801/IDW60801.94100.json,94100,7339,-5899,FALSE,TRUE
Troughton Island,http://www.bom.gov.au/fwo/IDW60801/IDW60801.94102.json,94102,7341,2,FALSE,TRUE
Browse Island,http://www.bom.gov.au/fwo/IDW60801/IDW60801.94103.json,94103,7343,1,FALSE,TRUE
Mandora,http://www.bom.gov.au/fwo/IDW60801/IDW60801.94200.json,94200,7345,97,FALSE,TRUE
Cygnet Bay,http://www.bom.gov.au/fwo/IDW60801/IDW60801.94201.json,94201,7347,1,FALSE,TRUE
Bidyadanga,http://www.bom.gov.au/fwo/IDW60801/IDW60801.94202.json,94202,7349,1,FALSE,TRUE
Broome,http://www.bom.gov.au/fwo/IDW60801/IDW60801.94203.json,94203,7351,1,FALSE,TRUE
Curtin,http://www.bom.gov.au/fwo/IDW60801/IDW60801.94204.json,94204,7353,1,FALSE,TRUE
Fitzroy Crossing,http://www.bom.gov.au/fwo/IDW60801/IDW60801.94206.json,94206,7355,2,FALSE,TRUE
Rowley Shoals,http://www.bom.gov.au/fwo/IDW60801/IDW60801.94207.json,94207,7357,1,FALSE,TRUE
Adele Island,http://www.bom.gov.au/fwo/IDW60801/IDW60801.94210.json,94210,7359,3,FALSE,TRUE
Mount Elizabeth,http://www.bom.gov.au/fwo/IDW60801/IDW60801.94211.json,94211,7361,1,FALSE,TRUE
Halls Creek,http://www.bom.gov.au/fwo/IDW60801/IDW60801.94212.json,94212,7363,1,FALSE,TRUE
Warmun,http://www.bom.gov.au/fwo/IDW60801/IDW60801.94213.json,94213,7365,1,FALSE,TRUE
Doongan,http://www.bom.gov.au/fwo/IDW60801/IDW60801.94215.json,94215,7367,2,FALSE,TRUE
Kununurra Airport,http://www.bom.gov.au/fwo/IDW60801/IDW60801.94216.json,94216,7369,1,FALSE,TRUE
Argyle,http://www.bom.gov.au/fwo/IDW60801/IDW60801.94217.json,94217,7371,1,FALSE,TRUE
Carnarvon,http://www.bom.gov.au/fwo/IDW60801/IDW60801.94300.json,94300,7373,83,FALSE,TRUE
Learmonth,http://www.bom.gov.au/fwo/IDW60801/IDW60801.94302.json,94302,7375,2,FALSE,TRUE
Mardie,http://www.bom.gov.au/fwo/IDW60801/IDW60801.94306.json,94306,7377,4,FALSE,TRUE
Legendre Island,http://www.bom.gov.au/fwo/IDW60801/IDW60801.94307.json,94307,7379,1,FALSE,TRUE
Roebourne Airport,http://www.bom.gov.au/fwo/IDW60801/IDW60801.94308.json,94308,7381,1,FALSE,TRUE
Bedout Island,http://www.bom.gov.au/fwo/IDW60801/IDW60801.94310.json,94310,7383,2,FALSE,TRUE
Pardoo,http://www.bom.gov.au/fwo/IDW60801/IDW60801.94311.json,94311,7385,1,FALSE,TRUE
Port Hedland,http://www.bom.gov.au/fwo/IDW60801/IDW60801.94312.json,94312,7387,1,FALSE,TRUE
Pannawonica,http://www.bom.gov.au/fwo/IDW60801/IDW60801.94314.json,94314,7389,2,FALSE,TRUE
Paraburdoo,http://www.bom.gov.au/fwo/IDW60801/IDW60801.94316.json,94316,7391,2,FALSE,TRUE
Newman Airport,http://www.bom.gov.au/fwo/IDW60801/IDW60801.94317.json,94317,7393,1,FALSE,TRUE
Emu Creek,http://www.bom.gov.au/fwo/IDW60801/IDW60801.94318.json,94318,7395,1,FALSE,TRUE
Telfer,http://www.bom.gov.au/fwo/IDW60801/IDW60801.94319.json,94319,7397,1,FALSE,TRUE
Balgo Hills,http://www.bom.gov.au/fwo/IDW60801/IDW60801.94320.json,94320,7399,1,FALSE,TRUE
Kalbarri,http://www.bom.gov.au/fwo/IDW60801/IDW60801.94401.json,94401,7401,81,FALSE,TRUE
Denham,http://www.bom.gov.au/fwo/IDW60801/IDW60801.94402.json,94402,7403,1,FALSE,TRUE
Geraldton Airport,http://www.bom.gov.au/fwo/IDW60801/IDW60801.94403.json,94403,7405,1,FALSE,TRUE
Paynes Find,http://www.bom.gov.au/fwo/IDW60801/IDW60801.94404.json,94404,7407,1,FALSE,TRUE
North Island,http://www.bom.gov.au/fwo/IDW60801/IDW60801.94405.json,94405,7409,1,FALSE,TRUE
Gascoyne Junction,http://www.bom.gov.au/fwo/IDW60801/IDW60801.94410.json,94410,7411,5,FALSE,TRUE
Mullewa,http://www.bom.gov.au/fwo/IDW60801/IDW60801.94411.json,94411,7413,1,FALSE,TRUE
Eneabba,http://www.bom.gov.au/fwo/IDW60801/IDW60801.94414.json,94414,7415,3,FALSE,TRUE
Carnamah,http://www.bom.gov.au/fwo/IDW60801/IDW60801.94415.json,94415,7417,1,FALSE,TRUE
Morawa Airport,http://www.bom.gov.au/fwo/IDW60801/IDW60801.94417.json,94417,7419,2,FALSE,TRUE
Murchison,http://www.bom.gov.au/fwo/IDW60801/IDW60801.94422.json,94422,7421,5,FALSE,TRUE
Mount Magnet Airport,http://www.bom.gov.au/fwo/IDW60801/IDW60801.94429.json,94429,7423,7,FALSE,TRUE
Meekatharra,http://www.bom.gov.au/fwo/IDW60801/IDW60801.94430.json,94430,7425,1,FALSE,TRUE
Wiluna,http://www.bom.gov.au/fwo/IDW60801/IDW60801.94439.json,94439,7427,9,FALSE,TRUE
Yeelirrie,http://www.bom.gov.au/fwo/IDW60801/IDW60801.94440.json,94440,7429,1,FALSE,TRUE
Bulga Downs,http://www.bom.gov.au/fwo/IDW60801/IDW60801.94444.json,94444,7431,4,FALSE,TRUE
Leonora,http://www.bom.gov.au/fwo/IDW60801/IDW60801.94448.json,94448,7433,4,FALSE,TRUE
Laverton,http://www.bom.gov.au/fwo/IDW60801/IDW60801.94449.json,94449,7435,1,FALSE,TRUE
Leonora Airport,http://www.bom.gov.au/fwo/IDW60801/IDW60801.94450.json,94450,7437,1,FALSE,TRUE
Carnegie,http://www.bom.gov.au/fwo/IDW60801/IDW60801.94451.json,94451,7439,1,FALSE,TRUE
Warburton,http://www.bom.gov.au/fwo/IDW60801/IDW60801.94457.json,94457,7441,6,FALSE,TRUE
Giles*,http://www.bom.gov.au/fwo/IDW60801/IDW60801.94461.json,94461,7443,4,FALSE,TRUE
Cape Naturaliste,http://www.bom.gov.au/fwo/IDW60801/IDW60801.94600.json,94600,7445,139,FALSE,TRUE
Cape Leeuwin,http://www.bom.gov.au/fwo/IDW60801/IDW60801.94601.json,94601,7447,1,FALSE,TRUE
Rottnest Island,http://www.bom.gov.au/fwo/IDW60801/IDW60801.94602.json,94602,7449,1,FALSE,TRUE
Badgingarra,http://www.bom.gov.au/fwo/IDW60801/IDW60801.94603.json,94603,7451,1,FALSE,TRUE
Bunbury,http://www.bom.gov.au/fwo/IDW60801/IDW60801.94604.json,94604,7453,1,FALSE,TRUE
Mandurah,http://www.bom.gov.au/fwo/IDW60801/IDW60801.94605.json,94605,7455,1,FALSE,TRUE
Ocean Reef,http://www.bom.gov.au/fwo/IDW60801/IDW60801.94607.json,94607,7457,2,FALSE,TRUE
Perth,http://www.bom.gov.au/fwo/IDW60801/IDW60801.94608.json,94608,7459,1,FALSE,TRUE
Jandakot,http://www.bom.gov.au/fwo/IDW60801/IDW60801.94609.json,94609,7461,1,FALSE,TRUE
Perth Airport,http://www.bom.gov.au/fwo/IDW60801/IDW60801.94610.json,94610,7463,1,FALSE,TRUE
Pearce,http://www.bom.gov.au/fwo/IDW60801/IDW60801.94612.json,94612,7465,2,FALSE,TRUE
Swanbourne,http://www.bom.gov.au/fwo/IDW60801/IDW60801.94614.json,94614,7467,2,FALSE,TRUE
Gooseberry Hill,http://www.bom.gov.au/fwo/IDW60801/IDW60801.94615.json,94615,7469,1,FALSE,TRUE
Manjimup,http://www.bom.gov.au/fwo/IDW60801/IDW60801.94617.json,94617,7471,2,FALSE,TRUE
Dwellingup,http://www.bom.gov.au/fwo/IDW60801/IDW60801.94620.json,94620,7473,3,FALSE,TRUE
Northam,http://www.bom.gov.au/fwo/IDW60801/IDW60801.94621.json,94621,7475,1,FALSE,TRUE
Wongan Hills,http://www.bom.gov.au/fwo/IDW60801/IDW60801.94622.json,94622,7477,1,FALSE,TRUE
York,http://www.bom.gov.au/fwo/IDW60801/IDW60801.94623.json,94623,7479,1,FALSE,TRUE
Brookton,http://www.bom.gov.au/fwo/IDW60801/IDW60801.94625.json,94625,7481,2,FALSE,TRUE
Cunderdin,http://www.bom.gov.au/fwo/IDW60801/IDW60801.94626.json,94626,7483,1,FALSE,TRUE
Narrogin,http://www.bom.gov.au/fwo/IDW60801/IDW60801.94627.json,94627,7485,1,FALSE,TRUE
Newdegate,http://www.bom.gov.au/fwo/IDW60801/IDW60801.94628.json,94628,7487,1,FALSE,TRUE
Mount Barker,http://www.bom.gov.au/fwo/IDW60801/IDW60801.94630.json,94630,7489,2,FALSE,TRUE
Rocky Gully South,http://www.bom.gov.au/fwo/IDW60801/IDW60801.94631.json,94631,7491,1,FALSE,TRUE
Bencubbin,http://www.bom.gov.au/fwo/IDW60801/IDW60801.94632.json,94632,7493,1,FALSE,TRUE
Corrigin,http://www.bom.gov.au/fwo/IDW60801/IDW60801.94633.json,94633,7495,1,FALSE,TRUE
Southern Cross,http://www.bom.gov.au/fwo/IDW60801/IDW60801.94634.json,94634,7497,1,FALSE,TRUE
Ravensthorpe,http://www.bom.gov.au/fwo/IDW60801/IDW60801.94636.json,94636,7499,2,FALSE,TRUE
Kalgoorlie-Boulder,http://www.bom.gov.au/fwo/IDW60801/IDW60801.94637.json,94637,7501,1,FALSE,TRUE
Esperance,http://www.bom.gov.au/fwo/IDW60801/IDW60801.94638.json,94638,7503,1,FALSE,TRUE
Windy Harbour,http://www.bom.gov.au/fwo/IDW60801/IDW60801.94640.json,94640,7505,2,FALSE,TRUE
Katanning RS,http://www.bom.gov.au/fwo/IDW60801/IDW60801.94641.json,94641,7507,1,FALSE,TRUE
Balladonia,http://www.bom.gov.au/fwo/IDW60801/IDW60801.94642.json,94642,7509,1,FALSE,TRUE
Balgair,http://www.bom.gov.au/fwo/IDW60801/IDW60801.94643.json,94643,7511,1,FALSE,TRUE
Red Rocks Point,http://www.bom.gov.au/fwo/IDW60801/IDW60801.94644.json,94644,7513,1,FALSE,TRUE
Eyre,http://www.bom.gov.au/fwo/IDW60801/IDW60801.94645.json,94645,7515,1,FALSE,TRUE
Eucla,http://www.bom.gov.au/fwo/IDW60801/IDW60801.94647.json,94647,7517,2,FALSE,TRUE
Millendon (Swan Valley),http://www.bom.gov.au/fwo/IDW60801/IDW60801.94795.json,94795,7519,148,FALSE,TRUE
Albany,http://www.bom.gov.au/fwo/IDW60801/IDW60801.94801.json,94801,7521,6,FALSE,TRUE
Albany Airport,http://www.bom.gov.au/fwo/IDW60801/IDW60801.94802.json,94802,7523,1,FALSE,TRUE
Truscott,http://www.bom.gov.au/fwo/IDW60801/IDW60801.95101.json,95101,7525,299,FALSE,TRUE
Broome Port,http://www.bom.gov.au/fwo/IDW60801/IDW60801.95202.json,95202,7527,101,FALSE,TRUE
West Roebuck,http://www.bom.gov.au/fwo/IDW60801/IDW60801.95204.json,95204,7529,2,FALSE,TRUE
Derby,http://www.bom.gov.au/fwo/IDW60801/IDW60801.95205.json,95205,7531,1,FALSE,TRUE
Wyndham Airport,http://www.bom.gov.au/fwo/IDW60801/IDW60801.95214.json,95214,7533,9,FALSE,TRUE
Kimberley RS,http://www.bom.gov.au/fwo/IDW60801/IDW60801.95215.json,95215,7535,1,FALSE,TRUE
Barrow Island,http://www.bom.gov.au/fwo/IDW60801/IDW60801.95304.json,95304,7537,89,FALSE,TRUE
Onslow Airport,http://www.bom.gov.au/fwo/IDW60801/IDW60801.95305.json,95305,7539,1,FALSE,TRUE
Karratha,http://www.bom.gov.au/fwo/IDW60801/IDW60801.95307.json,95307,7541,2,FALSE,TRUE
Tom Price,http://www.bom.gov.au/fwo/IDW60801/IDW60801.95316.json,95316,7543,9,FALSE,TRUE
Marble Bar,http://www.bom.gov.au/fwo/IDW60801/IDW60801.95317.json,95317,7545,1,FALSE,TRUE
Shark Bay Airport,http://www.bom.gov.au/fwo/IDW60801/IDW60801.95402.json,95402,7547,85,FALSE,TRUE
Leinster,http://www.bom.gov.au/fwo/IDW60801/IDW60801.95448.json,95448,7549,46,FALSE,TRUE
Jurien Bay,http://www.bom.gov.au/fwo/IDW60801/IDW60801.95600.json,95600,7551,152,FALSE,TRUE
Wongan Hills RS,http://www.bom.gov.au/fwo/IDW60801/IDW60801.95601.json,95601,7553,1,FALSE,TRUE
Busselton Jetty,http://www.bom.gov.au/fwo/IDW60801/IDW60801.95602.json,95602,7555,1,FALSE,TRUE
Kellerberrin,http://www.bom.gov.au/fwo/IDW60801/IDW60801.95603.json,95603,7557,1,FALSE,TRUE
Gosnells,http://www.bom.gov.au/fwo/IDW60801/IDW60801.95604.json,95604,7559,1,FALSE,TRUE
Hillarys Point Boat Harbour,http://www.bom.gov.au/fwo/IDW60801/IDW60801.95605.json,95605,7561,1,FALSE,TRUE
Lancelin,http://www.bom.gov.au/fwo/IDW60801/IDW60801.95606.json,95606,7563,1,FALSE,TRUE
Garden Island,http://www.bom.gov.au/fwo/IDW60801/IDW60801.95607.json,95607,7565,1,FALSE,TRUE
Medina,http://www.bom.gov.au/fwo/IDW60801/IDW60801.95608.json,95608,7567,1,FALSE,TRUE
Bickley,http://www.bom.gov.au/fwo/IDW60801/IDW60801.95610.json,95610,7569,2,FALSE,TRUE
Busselton Airport,http://www.bom.gov.au/fwo/IDW60801/IDW60801.95611.json,95611,7571,1,FALSE,TRUE
Gingin Airport,http://www.bom.gov.au/fwo/IDW60801/IDW60801.95612.json,95612,7573,1,FALSE,TRUE
Pemberton,http://www.bom.gov.au/fwo/IDW60801/IDW60801.95613.json,95613,7575,1,FALSE,TRUE
Karnet,http://www.bom.gov.au/fwo/IDW60801/IDW60801.95614.json,95614,7577,1,FALSE,TRUE
Beverley,http://www.bom.gov.au/fwo/IDW60801/IDW60801.95615.json,95615,7579,1,FALSE,TRUE
Pingelly,http://www.bom.gov.au/fwo/IDW60801/IDW60801.95616.json,95616,7581,1,FALSE,TRUE
Shannon,http://www.bom.gov.au/fwo/IDW60801/IDW60801.95617.json,95617,7583,1,FALSE,TRUE
Wagin,http://www.bom.gov.au/fwo/IDW60801/IDW60801.95618.json,95618,7585,1,FALSE,TRUE
Melville Water,http://www.bom.gov.au/fwo/IDW60801/IDW60801.95620.json,95620,7587,2,FALSE,TRUE
Collie East,http://www.bom.gov.au/fwo/IDW60801/IDW60801.95621.json,95621,7589,1,FALSE,TRUE
Donnybrook,http://www.bom.gov.au/fwo/IDW60801/IDW60801.95622.json,95622,7591,1,FALSE,TRUE
Jarrahwood,http://www.bom.gov.au/fwo/IDW60801/IDW60801.95623.json,95623,7593,1,FALSE,TRUE
Merredin,http://www.bom.gov.au/fwo/IDW60801/IDW60801.95624.json,95624,7595,1,FALSE,TRUE
Cunderdin Airport,http://www.bom.gov.au/fwo/IDW60801/IDW60801.95625.json,95625,7597,1,FALSE,TRUE
Narembeen,http://www.bom.gov.au/fwo/IDW60801/IDW60801.95626.json,95626,7599,1,FALSE,TRUE
Hyden,http://www.bom.gov.au/fwo/IDW60801/IDW60801.95627.json,95627,7601,1,FALSE,TRUE
Ongerup,http://www.bom.gov.au/fwo/IDW60801/IDW60801.95628.json,95628,7603,1,FALSE,TRUE
Dalwallinu,http://www.bom.gov.au/fwo/IDW60801/IDW60801.95629.json,95629,7605,1,FALSE,TRUE
Busselton Town,http://www.bom.gov.au/fwo/IDW60801/IDW60801.95630.json,95630,7607,1,FALSE,TRUE
Goomalling,http://www.bom.gov.au/fwo/IDW60801/IDW60801.95631.json,95631,7609,1,FALSE,TRUE
Bridgetown,http://www.bom.gov.au/fwo/IDW60801/IDW60801.95632.json,95632,7611,1,FALSE,TRUE
Southern Cross Airport,http://www.bom.gov.au/fwo/IDW60801/IDW60801.95634.json,95634,7613,2,FALSE,TRUE
Hopetoun North,http://www.bom.gov.au/fwo/IDW60801/IDW60801.95635.json,95635,7615,1,FALSE,TRUE
Jacup,http://www.bom.gov.au/fwo/IDW60801/IDW60801.95636.json,95636,7617,1,FALSE,TRUE
Lake Grace,http://www.bom.gov.au/fwo/IDW60801/IDW60801.95637.json,95637,7619,1,FALSE,TRUE
Esperance Airport,http://www.bom.gov.au/fwo/IDW60801/IDW60801.95638.json,95638,7621,1,FALSE,TRUE
Salmon Gums RS,http://www.bom.gov.au/fwo/IDW60801/IDW60801.95639.json,95639,7623,1,FALSE,TRUE
Wandering,http://www.bom.gov.au/fwo/IDW60801/IDW60801.95640.json,95640,7625,1,FALSE,TRUE
Witchcliffe,http://www.bom.gov.au/fwo/IDW60801/IDW60801.95641.json,95641,7627,1,FALSE,TRUE
Norseman Airport,http://www.bom.gov.au/fwo/IDW60801/IDW60801.95642.json,95642,7629,1,FALSE,TRUE
Munglinup West,http://www.bom.gov.au/fwo/IDW60801/IDW60801.95644.json,95644,7631,2,FALSE,TRUE
Forrest,http://www.bom.gov.au/fwo/IDW60801/IDW60801.95646.json,95646,7633,2,FALSE,TRUE
Walpole North,http://www.bom.gov.au/fwo/IDW60801/IDW60801.95647.json,95647,7635,1,FALSE,TRUE
Esperance Harbour,http://www.bom.gov.au/fwo/IDW60801/IDW60801.95648.json,95648,7637,1,FALSE,TRUE
Christmas Island,http://www.bom.gov.au/fwo/IDW60801/IDW60801.96995.json,96995,7639,1347,FALSE,TRUE
Cocos Island,http://www.bom.gov.au/fwo/IDW60801/IDW60801.96996.json,96996,7641,1,FALSE,TRUE
Lombadina,http://www.bom.gov.au/fwo/IDW60801/IDW60801.99206.json,99206,7643,2210,FALSE,TRUE
Solomon Airport,http://www.bom.gov.au/fwo/IDW60801/IDW60801.99217.json,99217,7645,11,FALSE,TRUE
Shay Gap,http://www.bom.gov.au/fwo/IDW60801/IDW60801.99311.json,99311,7647,94,FALSE,TRUE
Coondewanna,http://www.bom.gov.au/fwo/IDW60801/IDW60801.99312.json,99312,7648,1,FALSE,TRUE
Barimunya,http://www.bom.gov.au/fwo/IDW60801/IDW60801.99313.json,99313,7650,1,FALSE,TRUE
Degrussa Aerodrome,http://www.bom.gov.au/fwo/IDW60801/IDW60801.99400.json,99400,7652,87,FALSE,TRUE
Mount Keith,http://www.bom.gov.au/fwo/IDW60801/IDW60801.99434.json,99434,7654,34,FALSE,TRUE
Fortescue Dave Forrest,http://www.bom.gov.au/fwo/IDW60801/IDW60801.99736.json,99736,7656,302,FALSE,TRUE
Christmas Creek,http://www.bom.gov.au/fwo/IDW60801/IDW60801.99737.json,99737,7658,1,FALSE,TRUE
Rottnest Island,http://www.bom.gov.au/fwo/IDW60901/IDW60901.94602.json,94602,7660,-5135,FALSE,TRUE
Mandurah,http://www.bom.gov.au/fwo/IDW60901/IDW60901.94605.json,94605,7665,3,FALSE,TRUE
Ocean Reef,http://www.bom.gov.au/fwo/IDW60901/IDW60901.94607.json,94607,7670,2,FALSE,TRUE
Perth,http://www.bom.gov.au/fwo/IDW60901/IDW60901.94608.json,94608,7675,1,FALSE,TRUE
Jandakot,http://www.bom.gov.au/fwo/IDW60901/IDW60901.94609.json,94609,7680,1,FALSE,TRUE
Perth Airport,http://www.bom.gov.au/fwo/IDW60901/IDW60901.94610.json,94610,7685,1,FALSE,TRUE
Pearce,http://www.bom.gov.au/fwo/IDW60901/IDW60901.94612.json,94612,7690,2,FALSE,TRUE
Swanbourne,http://www.bom.gov.au/fwo/IDW60901/IDW60901.94614.json,94614,7695,2,FALSE,TRUE
Gooseberry Hill,http://www.bom.gov.au/fwo/IDW60901/IDW60901.94615.json,94615,7700,1,FALSE,TRUE
Millendon (Swan Valley),http://www.bom.gov.au/fwo/IDW60901/IDW60901.94795.json,94795,7705,180,FALSE,TRUE
Gosnells,http://www.bom.gov.au/fwo/IDW60901/IDW60901.95604.json,95604,7710,809,FALSE,TRUE
Hillarys Point Boat Harbour,http://www.bom.gov.au/fwo/IDW60901/IDW60901.95605.json,95605,7715,1,FALSE,TRUE
Garden Island,http://www.bom.gov.au/fwo/IDW60901/IDW60901.95607.json,95607,7720,2,FALSE,TRUE
Medina,http://www.bom.gov.au/fwo/IDW60901/IDW60901.95608.json,95608,7725,1,FALSE,TRUE
Bickley,http://www.bom.gov.au/fwo/IDW60901/IDW60901.95610.json,95610,7730,2,FALSE,TRUE
Karnet,http://www.bom.gov.au/fwo/IDW60901/IDW60901.95614.json,95614,7735,4,FALSE,TRUE
Melville Water,http://www.bom.gov.au/fwo/IDW60901/IDW60901.95620.json,95620,7740,6,FALSE,TRUE
